{
  "Covariate_Shift": {
    "0": {
      "MSE": 0.03592711007350141,
      "RMSE": 0.18954448046171488,
      "MAE": 0.15610112010660832,
      "Adjusted R2 score": 0.006180362877074352,
      "MAPE": 0.9984743635880127,
      "sMAPE": 48.33910085792322
    },
    "1": {
      "MSE": 0.04224737840722446,
      "RMSE": 0.2055416707318116,
      "MAE": 0.1699629210702817,
      "Adjusted R2 score": 0.01575370469920312,
      "MAPE": 0.9554679105825874,
      "sMAPE": 49.856679489295374
    },
    "2": {
      "MSE": 0.04681944590272893,
      "RMSE": 0.21637801621867442,
      "MAE": 0.18005096167344395,
      "Adjusted R2 score": -0.015447547401843398,
      "MAPE": 1.035556350176954,
      "sMAPE": 52.06553544671654
    },
    "3": {
      "MSE": 0.047979168023503015,
      "RMSE": 0.21904147557826353,
      "MAE": 0.18231863679381205,
      "Adjusted R2 score": -0.024478285598314775,
      "MAPE": 0.9812282837836788,
      "sMAPE": 52.46314894101274
    }
  },
  "KMeans_Hyperballs": {
    "0": {
      "MSE": 0.03853888162153242,
      "RMSE": 0.19631322324676048,
      "MAE": 0.16237219219398885,
      "Adjusted R2 score": -0.08192931357462241,
      "MAPE": 1.0781376183808369,
      "sMAPE": 49.74735632181556
    },
    "1": {
      "MSE": 0.036221966986410864,
      "RMSE": 0.19032069510804878,
      "MAE": 0.15760066257261746,
      "Adjusted R2 score": -0.013758801502362195,
      "MAPE": 1.0187671219469767,
      "sMAPE": 49.98210730616336
    },
    "2": {
      "MSE": 0.03519106116985075,
      "RMSE": 0.18759280681798743,
      "MAE": 0.15444266639737603,
      "Adjusted R2 score": 0.015093575439229068,
      "MAPE": 1.0438496511662907,
      "sMAPE": 48.98005446342337
    },
    "3": {
      "MSE": 0.039043640805944156,
      "RMSE": 0.19759463759410112,
      "MAE": 0.16273398478847975,
      "Adjusted R2 score": -0.09273012491485977,
      "MAPE": 1.1447848074070506,
      "sMAPE": 50.395598757822334
    },
    "4": {
      "MSE": 0.06988189251145455,
      "RMSE": 0.26435183470415813,
      "MAE": 0.22361926299659665,
      "Adjusted R2 score": -0.25873329884230567,
      "MAPE": 0.7455739698261772,
      "sMAPE": 55.48467832490641
    }
  },
  "Multiple_Hyperballs": {
    "0": {
      "MSE": 0.049857257910718975,
      "RMSE": 0.22328738860651978,
      "MAE": 0.18188351250130794,
      "Adjusted R2 score": -0.05232715361115603,
      "MAPE": 1.0247565674187695,
      "sMAPE": 55.41250476144268
    },
    "1": {
      "MSE": 0.07031295107387901,
      "RMSE": 0.2651658934966543,
      "MAE": 0.22338607566659063,
      "Adjusted R2 score": -0.30384661353231146,
      "MAPE": 0.730360005847887,
      "sMAPE": 56.45247508506468
    },
    "2": {
      "MSE": 0.06142580477861952,
      "RMSE": 0.2478422982031508,
      "MAE": 0.20833112206083781,
      "Adjusted R2 score": -0.12262762900692081,
      "MAPE": 0.7726513771352141,
      "sMAPE": 52.35815848953159
    },
    "3": {
      "MSE": 0.0360746819971985,
      "RMSE": 0.18993336199098487,
      "MAE": 0.15534503240342584,
      "Adjusted R2 score": -0.049845197194333224,
      "MAPE": 1.0421646079856146,
      "sMAPE": 48.06200892474431
    },
    "4": {
      "MSE": 0.04740661303137793,
      "RMSE": 0.217730597370645,
      "MAE": 0.18076661632328753,
      "Adjusted R2 score": 0.05103648050906506,
      "MAPE": 1.071767365864549,
      "sMAPE": 51.625929721144956
    }
  },
  "Random_Split": {
    "0": {
      "MSE": 0.04668949807501548,
      "RMSE": 0.21607752792693524,
      "MAE": 0.17971067040143218,
      "Adjusted R2 score": -0.008907281224060704,
      "MAPE": 1.024618838957549,
      "sMAPE": 51.90402192289226
    },
    "1": {
      "MSE": 0.04772655239982558,
      "RMSE": 0.21846407576493115,
      "MAE": 0.1816955302395928,
      "Adjusted R2 score": -0.030061684621672136,
      "MAPE": 1.0529118181299801,
      "sMAPE": 52.05607867353197
    },
    "2": {
      "MSE": 0.04596649157970179,
      "RMSE": 0.21439797475653027,
      "MAE": 0.17707657145677327,
      "Adjusted R2 score": 0.017302293155892157,
      "MAPE": 1.0011427035717746,
      "sMAPE": 51.06430755335705
    },
    "3": {
      "MSE": 0.04725971197107123,
      "RMSE": 0.21739298970084392,
      "MAE": 0.18090065600907396,
      "Adjusted R2 score": -0.017388861927611687,
      "MAPE": 1.032845598287322,
      "sMAPE": 51.9668344067878
    },
    "4": {
      "MSE": 0.04631087124012916,
      "RMSE": 0.21519960789957115,
      "MAE": 0.1783186995379637,
      "Adjusted R2 score": -0.007434534713350871,
      "MAPE": 0.9874870319977705,
      "sMAPE": 51.510060227687404
    }
  },
  "Semi_Infinite_Slab": {
    "0": {
      "MSE": 0.06464124888681913,
      "RMSE": 0.2542464333807244,
      "MAE": 0.21097209718481438,
      "Adjusted R2 score": -0.9061623031012116,
      "MAPE": 1.6144768250609407,
      "sMAPE": 59.24097364131662
    },
    "1": {
      "MSE": 0.07064586435086068,
      "RMSE": 0.2657928974800882,
      "MAE": 0.22257640648270696,
      "Adjusted R2 score": -1.0832532691943881,
      "MAPE": 1.689759218197489,
      "sMAPE": 60.99237732962221
    },
    "2": {
      "MSE": 0.06646243771656023,
      "RMSE": 0.25780309873343304,
      "MAE": 0.21679801524327827,
      "Adjusted R2 score": -0.9724040768336186,
      "MAPE": 1.7004242344714249,
      "sMAPE": 61.642300963922416
    },
    "3": {
      "MSE": 0.09512873660322156,
      "RMSE": 0.3084294677932405,
      "MAE": 0.25708388213785743,
      "Adjusted R2 score": -1.805220848296957,
      "MAPE": 1.9349151041474406,
      "sMAPE": 65.39489609779437
    },
    "4": {
      "MSE": 0.05998603669678603,
      "RMSE": 0.244920470146507,
      "MAE": 0.2048638904686395,
      "Adjusted R2 score": -0.11696667942893213,
      "MAPE": 0.9348381575328919,
      "sMAPE": 53.88316424564083
    }
  },
  "Single_Hyperball": {
    "0": {
      "MSE": 0.04870322226120184,
      "RMSE": 0.22068806551601708,
      "MAE": 0.18626766947163417,
      "Adjusted R2 score": -0.634255488887778,
      "MAPE": 1.5815407142708693,
      "sMAPE": 59.30009818593335
    },
    "1": {
      "MSE": 0.05070870982722925,
      "RMSE": 0.22518594500374406,
      "MAE": 0.19077822946974762,
      "Adjusted R2 score": -0.6897402046355834,
      "MAPE": 1.6343682697698778,
      "sMAPE": 60.6088232885435
    },
    "2": {
      "MSE": 0.04653193353768137,
      "RMSE": 0.21571261793803664,
      "MAE": 0.18220871850648993,
      "Adjusted R2 score": -0.5416799214045731,
      "MAPE": 1.5408355180528672,
      "sMAPE": 59.52273661996198
    },
    "3": {
      "MSE": 0.06025013454642447,
      "RMSE": 0.24545902824386898,
      "MAE": 0.2011429576949438,
      "Adjusted R2 score": -0.10834252571314074,
      "MAPE": 0.9501953995728769,
      "sMAPE": 56.70866397420772
    },
    "4": {
      "MSE": 0.04358575494531603,
      "RMSE": 0.20877201667205314,
      "MAE": 0.1742841826762184,
      "Adjusted R2 score": -0.3469872716037212,
      "MAPE": 1.4112865742969956,
      "sMAPE": 55.400139072343336
    }
  },
  "Single_Slab": {
    "0": {
      "MSE": 0.05196535120061101,
      "RMSE": 0.22795909984164048,
      "MAE": 0.19349506352599688,
      "Adjusted R2 score": -0.7192072419617728,
      "MAPE": 1.6232576223420185,
      "sMAPE": 60.994369560356034
    },
    "1": {
      "MSE": 0.03874329410918368,
      "RMSE": 0.19683316313361343,
      "MAE": 0.1632844068838574,
      "Adjusted R2 score": -0.15021693375215195,
      "MAPE": 1.2736179729983672,
      "sMAPE": 52.40987577709512
    },
    "2": {
      "MSE": 0.06118240206726946,
      "RMSE": 0.2473507672663852,
      "MAE": 0.21300417195054813,
      "Adjusted R2 score": -1.0418670214899493,
      "MAPE": 1.8249155994797173,
      "sMAPE": 65.81227362074293
    },
    "3": {
      "MSE": 0.04841712133151758,
      "RMSE": 0.22003890867643744,
      "MAE": 0.1831625660743734,
      "Adjusted R2 score": 0.019915239771616577,
      "MAPE": 1.1813019294119875,
      "sMAPE": 54.98163085013741
    },