{
  "Covariate_Shift": {
    "0": {
      "MSE": 0.02720267739059298,
      "RMSE": 0.164932341857481,
      "MAE": 0.13307275381535355,
      "Adjusted R2 score": 0.24751657125266857,
      "MAPE": 0.750184633439177,
      "sMAPE": 43.529822000595395
    },
    "1": {
      "MSE": 0.034225261551060454,
      "RMSE": 0.18500070689340745,
      "MAE": 0.14981801886160365,
      "Adjusted R2 score": 0.2026466929467129,
      "MAPE": 0.8285217212108328,
      "sMAPE": 45.494971250281644
    },
    "2": {
      "MSE": 0.03504759253355824,
      "RMSE": 0.18721002252432492,
      "MAE": 0.1505125199535206,
      "Adjusted R2 score": 0.23986729884672708,
      "MAPE": 0.8421107911027024,
      "sMAPE": 45.28298408764819
    },
    "3": {
      "MSE": 0.03110453265061101,
      "RMSE": 0.17636477156907218,
      "MAE": 0.14179761185174528,
      "Adjusted R2 score": 0.3358384566271557,
      "MAPE": 0.7363009673580041,
      "sMAPE": 43.47560364530486
    }
  },
  "KMeans_Hyperballs": {
    "0": {
      "MSE": 0.025542625605015218,
      "RMSE": 0.15982060444453092,
      "MAE": 0.13132495197096333,
      "Adjusted R2 score": 0.2829237843713839,
      "MAPE": 0.7800314779030655,
      "sMAPE": 43.066969941141345
    },
    "1": {
      "MSE": 0.02689400440466236,
      "RMSE": 0.16399391575501318,
      "MAE": 0.13161213667325003,
      "Adjusted R2 score": 0.24730665004751906,
      "MAPE": 0.7666837180580854,
      "sMAPE": 44.30086791885212
    },
    "2": {
      "MSE": 0.02689400440466236,
      "RMSE": 0.16399391575501318,
      "MAE": 0.13161213667325003,
      "Adjusted R2 score": 0.24730665004751906,
      "MAPE": 0.7666837180580854,
      "sMAPE": 44.30086791885212
    },
    "3": {
      "MSE": 0.02689400440466236,
      "RMSE": 0.16399391575501318,
      "MAE": 0.13161213667325003,
      "Adjusted R2 score": 0.24730665004751906,
      "MAPE": 0.7666837180580854,
      "sMAPE": 44.30086791885212
    },
    "4": {
      "MSE": 0.042093652259587666,
      "RMSE": 0.20516737620681233,
      "MAE": 0.16699071458441855,
      "Adjusted R2 score": 0.24179669632806855,
      "MAPE": 0.7727690467453575,
      "sMAPE": 42.05679616468538
    }
  },
  "Multiple_Hyperballs": {
    "0": {
      "MSE": 0.0337635951401124,
      "RMSE": 0.18374872826801386,
      "MAE": 0.14873631966143414,
      "Adjusted R2 score": 0.28735856205531185,
      "MAPE": 0.9122047681233548,
      "sMAPE": 47.756590054951474
    },
    "1": {
      "MSE": 0.04365474464689222,
      "RMSE": 0.20893717870903739,
      "MAE": 0.17021198421506104,
      "Adjusted R2 score": 0.1904892327351987,
      "MAPE": 0.797764149252885,
      "sMAPE": 42.760120538681434
    },
    "2": {
      "MSE": 0.037237792113538906,
      "RMSE": 0.19297096184021809,
      "MAE": 0.15515928479565796,
      "Adjusted R2 score": 0.31943627892970516,
      "MAPE": 0.7237541011026888,
      "sMAPE": 40.35304411760555
    },
    "3": {
      "MSE": 0.025749474694955525,
      "RMSE": 0.16046642856047966,
      "MAE": 0.12874621974176845,
      "Adjusted R2 score": 0.2506389289619958,
      "MAPE": 0.7108646719853965,
      "sMAPE": 42.734767136151284
    },
    "4": {
      "MSE": 0.028900252240308896,
      "RMSE": 0.17000074188164266,
      "MAE": 0.13522471029176972,
      "Adjusted R2 score": 0.4214881990833893,
      "MAPE": 0.7315112391722628,
      "sMAPE": 40.94743055892602
    }
  },
  "Random_Split": {
    "0": {
      "MSE": 0.0300503735566229,
      "RMSE": 0.17335043569781675,
      "MAE": 0.1388331086567532,
      "Adjusted R2 score": 0.3506453927590275,
      "MAPE": 0.7523974890542813,
      "sMAPE": 43.03513343962601
    },
    "1": {
      "MSE": 0.029841470571987466,
      "RMSE": 0.1727468395426888,
      "MAE": 0.13777168137960927,
      "Adjusted R2 score": 0.3559443558491395,
      "MAPE": 0.759414237268822,
      "sMAPE": 42.44499314063157
    },
    "2": {
      "MSE": 0.03008892721357677,
      "RMSE": 0.17346160155370632,
      "MAE": 0.1379042002263591,
      "Adjusted R2 score": 0.3567418622125569,
      "MAPE": 0.7237210330911886,
      "sMAPE": 42.68142887237777
    },
    "3": {
      "MSE": 0.02986680970604421,
      "RMSE": 0.17282016579683115,
      "MAE": 0.1379944122992434,
      "Adjusted R2 score": 0.35703883352397625,
      "MAPE": 0.7381902984686146,
      "sMAPE": 42.50780139899438
    },
    "4": {
      "MSE": 0.029657881017825346,
      "RMSE": 0.17221463647967133,
      "MAE": 0.13781550297868572,
      "Adjusted R2 score": 0.3548302425827249,
      "MAPE": 0.7154734220649458,
      "sMAPE": 43.17917594593821
    }
  },
  "Semi_Infinite_Slab": {
    "0": {
      "MSE": 0.023183588157486865,
      "RMSE": 0.1522615780736784,
      "MAE": 0.1228578736714129,
      "Adjusted R2 score": 0.3163547648375312,
      "MAPE": 0.6802991713371853,
      "sMAPE": 43.7637371079067
    },
    "1": {
      "MSE": 0.023356164170409983,
      "RMSE": 0.15282723635010215,
      "MAE": 0.1236297027142207,
      "Adjusted R2 score": 0.3112575546928722,
      "MAPE": 0.6909418392699297,
      "sMAPE": 43.88132632973593
    },
    "2": {
      "MSE": 0.026873197433056044,
      "RMSE": 0.1639304652377222,
      "MAE": 0.1310678240164019,
      "Adjusted R2 score": 0.2024848020085872,
      "MAPE": 0.6469973168182755,
      "sMAPE": 51.504364268912454
    },
    "3": {
      "MSE": 0.023356164170409983,
      "RMSE": 0.15282723635010215,
      "MAE": 0.1236297027142207,
      "Adjusted R2 score": 0.3112575546928722,
      "MAPE": 0.6909418392699297,
      "sMAPE": 43.88132632973593
    },
    "4": {
      "MSE": 0.041099423448281894,
      "RMSE": 0.20272992736219755,
      "MAE": 0.16423437398416801,
      "Adjusted R2 score": 0.23471045824351588,
      "MAPE": 0.8454309956056304,
      "sMAPE": 44.623677173613416
    }
  },
  "Single_Hyperball": {
    "0": {
      "MSE": 0.019619070992141382,
      "RMSE": 0.14006809412618343,
      "MAE": 0.11331758320636141,
      "Adjusted R2 score": 0.3416744731215072,
      "MAPE": 0.7154627010518679,
      "sMAPE": 44.98322273033999
    },
    "1": {
      "MSE": 0.02092915730830171,
      "RMSE": 0.1446691304608613,
      "MAE": 0.11639083286828596,
      "Adjusted R2 score": 0.3025884769407,
      "MAPE": 0.7037982710466548,
      "sMAPE": 47.3068288027139
    },
    "2": {
      "MSE": 0.0220516451965569,
      "RMSE": 0.14849796361080814,
      "MAE": 0.12041916496275137,
      "Adjusted R2 score": 0.2693925214618669,
      "MAPE": 0.7611757055184846,
      "sMAPE": 48.14005920219716
    },
    "3": {
      "MSE": 0.029430601178507702,
      "RMSE": 0.17155349363538971,
      "MAE": 0.13312067362155,
      "Adjusted R2 score": 0.45860391700354897,
      "MAPE": 0.6481623301217464,
      "sMAPE": 40.780391773156474
    },
    "4": {
      "MSE": 0.020834773842763395,
      "RMSE": 0.14434255728219378,
      "MAE": 0.11621509595180742,
      "Adjusted R2 score": 0.3561158867580799,
      "MAPE": 0.6411222610622019,
      "sMAPE": 44.096426911191585
    }
  },
  "Single_Slab": {
    "0": {
      "MSE": 0.021909925872246685,
      "RMSE": 0.14802001848482077,
      "MAE": 0.1201497239541545,
      "Adjusted R2 score": 0.27513809951948887,
      "MAPE": 0.8203640712937889,
      "sMAPE": 46.08812301322305
    },
    "1": {
      "MSE": 0.02102582117046964,
      "RMSE": 0.14500283159466107,
      "MAE": 0.11580669757754682,
      "Adjusted R2 score": 0.37578215501851064,
      "MAPE": 0.7129325220668253,
      "sMAPE": 41.54450493423272
    },
    "2": {
      "MSE": 0.02241998497107279,
      "RMSE": 0.14973304568822737,
      "MAE": 0.12077226470594143,
      "Adjusted R2 score": 0.25176805113992295,
      "MAPE": 0.7976079542117317,
      "sMAPE": 48.30383245714578
    },
    "3": {
      "MSE": 0.03342245096312416,
      "RMSE": 0.1828180816088063,
      "MAE": 0.1439365981386829,
      "Adjusted R2 score": 0.32344522066587467,
      "MAPE": 0.8001545821664878,
      "sMAPE": 46.50743490239794
    },
    "4": {
      "MSE": 0.0216422590108535,