{
  "Covariate_Shift": {
    "0": {
      "MSE": 0.036020932023209516,
      "RMSE": 0.18979181231868122,
      "MAE": 0.15657378438352418,
      "Adjusted R2 score": 0.003585049871872581,
      "MAPE": 0.9847585735025964,
      "sMAPE": 48.529440210422145
    },
    "1": {
      "MSE": 0.04351767230481211,
      "RMSE": 0.2086088979521538,
      "MAE": 0.17262346201469575,
      "Adjusted R2 score": -0.013840606469464722,
      "MAPE": 0.997998438602195,
      "sMAPE": 50.23423574742182
    },
    "2": {
      "MSE": 0.04660370826766668,
      "RMSE": 0.21587892038748638,
      "MAE": 0.17973757107536145,
      "Adjusted R2 score": -0.010768503295653709,
      "MAPE": 1.055118724458568,
      "sMAPE": 51.85144759320628
    },
    "3": {
      "MSE": 0.048020996870482495,
      "RMSE": 0.21913693634456627,
      "MAE": 0.1824977847320215,
      "Adjusted R2 score": -0.025371438756391695,
      "MAPE": 0.9870032262418034,
      "sMAPE": 52.474910001514715
    }
  },
  "KMeans_Hyperballs": {
    "0": {
      "MSE": 0.03827652553445245,
      "RMSE": 0.19564387425741817,
      "MAE": 0.1609452042081137,
      "Adjusted R2 score": -0.07456400536474539,
      "MAPE": 1.1046595863809365,
      "sMAPE": 49.19767344592812
    },
    "1": {
      "MSE": 0.037591568332486856,
      "RMSE": 0.19388545157511652,
      "MAE": 0.15973242003756108,
      "Adjusted R2 score": -0.05209038685372969,
      "MAPE": 1.1004737427823428,
      "sMAPE": 49.95369776304941
    },
    "2": {
      "MSE": 0.03409462238826437,
      "RMSE": 0.184647291851964,
      "MAE": 0.15221922264147317,
      "Adjusted R2 score": 0.045780049908125675,
      "MAPE": 0.9942069742441483,
      "sMAPE": 48.69106685482439
    },
    "3": {
      "MSE": 0.03581274909801336,
      "RMSE": 0.18924256682367568,
      "MAE": 0.15632806158452775,
      "Adjusted R2 score": -0.002305855386796063,
      "MAPE": 1.0419909177799784,
      "sMAPE": 49.48336304650763
    },
    "4": {
      "MSE": 0.06320929448508925,
      "RMSE": 0.2514145868582196,
      "MAE": 0.21238926598016197,
      "Adjusted R2 score": -0.13854449135975555,
      "MAPE": 0.7729996321575788,
      "sMAPE": 52.37259707159295
    }
  },
  "Multiple_Hyperballs": {
    "0": {
      "MSE": 0.04472399579320828,
      "RMSE": 0.21148048560850308,
      "MAE": 0.17444952978164588,
      "Adjusted R2 score": 0.056019581432582455,
      "MAPE": 1.076197599493125,
      "sMAPE": 53.14495648887373
    },
    "1": {
      "MSE": 0.06258431868908586,
      "RMSE": 0.2501685805393752,
      "MAE": 0.21096186912369097,
      "Adjusted R2 score": -0.16053089419120936,
      "MAPE": 0.7757700392618121,
      "sMAPE": 52.809497443875046
    },
    "2": {
      "MSE": 0.0708177365348804,
      "RMSE": 0.26611602081588476,
      "MAE": 0.22400350911438444,
      "Adjusted R2 score": -0.2942760448042485,
      "MAPE": 0.7478742811398437,
      "sMAPE": 56.7863030228918
    },
    "3": {
      "MSE": 0.03808190964732029,
      "RMSE": 0.19514586761527974,
      "MAE": 0.15919508543958127,
      "Adjusted R2 score": -0.10825952523524784,
      "MAPE": 1.0998699832918135,
      "sMAPE": 48.59874706757062
    },
    "4": {
      "MSE": 0.04937312589825393,
      "RMSE": 0.22220064333447356,
      "MAE": 0.18374714615058643,
      "Adjusted R2 score": 0.01167174103612123,
      "MAPE": 1.0126879938682491,
      "sMAPE": 52.66202132553447
    }
  },
  "Random_Split": {
    "0": {
      "MSE": 0.04494364423608529,
      "RMSE": 0.21199916093250296,
      "MAE": 0.17604136350289284,
      "Adjusted R2 score": 0.028818646932622816,
      "MAPE": 1.0055733736897148,
      "sMAPE": 51.10605374059214
    },
    "1": {
      "MSE": 0.0466465323226494,
      "RMSE": 0.21597808296827112,
      "MAE": 0.17921186892984528,
      "Adjusted R2 score": -0.006752075102812505,
      "MAPE": 1.0122713745308465,
      "sMAPE": 51.69817492604405
    },
    "2": {
      "MSE": 0.047509908148917146,
      "RMSE": 0.2179676768443366,
      "MAE": 0.18093771829071537,
      "Adjusted R2 score": -0.01569374093653564,
      "MAPE": 1.079966423960112,
      "sMAPE": 51.53024680438475
    },
    "3": {
      "MSE": 0.047921761116558326,
      "RMSE": 0.21891039517701832,
      "MAE": 0.18236458977966413,
      "Adjusted R2 score": -0.03164120072898968,
      "MAPE": 1.0171614521918557,
      "sMAPE": 52.46287565666181
    },
    "4": {
      "MSE": 0.04709332346700669,
      "RMSE": 0.2170099616768933,
      "MAE": 0.18029994321095225,
      "Adjusted R2 score": -0.02445579503541384,
      "MAPE": 1.0090117414232185,
      "sMAPE": 51.88812924581811
    }
  },
  "Semi_Infinite_Slab": {
    "0": {
      "MSE": 0.05240827106775304,
      "RMSE": 0.22892852829595756,
      "MAE": 0.1904324667122877,
      "Adjusted R2 score": -0.5454322495373518,
      "MAPE": 1.4561432409793966,
      "sMAPE": 56.22396950329822
    },
    "1": {
      "MSE": 0.06207477424991574,
      "RMSE": 0.2491480970224652,
      "MAE": 0.20688792922122712,
      "Adjusted R2 score": -0.8305031381368486,
      "MAPE": 1.5734462157476883,
      "sMAPE": 58.69865046488275
    },
    "2": {
      "MSE": 0.07934844511612531,
      "RMSE": 0.2816885604992246,
      "MAE": 0.23561427873800517,
      "Adjusted R2 score": -1.3548217912936682,
      "MAPE": 1.8578878473248568,
      "sMAPE": 64.05767010162845
    },
    "3": {
      "MSE": 0.06725097740038186,
      "RMSE": 0.2593279340919174,
      "MAE": 0.2141907562287274,
      "Adjusted R2 score": -0.9831425351391652,
      "MAPE": 1.6390670472369526,
      "sMAPE": 59.62745443555486
    },
    "4": {
      "MSE": 0.0581877527166487,
      "RMSE": 0.24122137698937193,
      "MAE": 0.20105660572327172,
      "Adjusted R2 score": -0.08348183201156889,
      "MAPE": 0.8947895489818135,
      "sMAPE": 53.22865478413482
    }
  },
  "Single_Hyperball": {
    "0": {
      "MSE": 0.04635112231231809,
      "RMSE": 0.21529310790714618,
      "MAE": 0.1815055052256143,
      "Adjusted R2 score": -0.5553298639822959,
      "MAPE": 1.538595188860034,
      "sMAPE": 58.50656333863194
    },
    "1": {
      "MSE": 0.06286723749336597,
      "RMSE": 0.25073339923784776,
      "MAE": 0.21383056442842974,
      "Adjusted R2 score": -1.0948925561082148,
      "MAPE": 1.814888902416176,
      "sMAPE": 64.43837819703431
    },
    "2": {
      "MSE": 0.06064644277605026,
      "RMSE": 0.24626498487614973,
      "MAE": 0.20965393095019225,
      "Adjusted R2 score": -1.0093169577132297,
      "MAPE": 1.7734123946144318,
      "sMAPE": 64.05206738606235
    },
    "3": {
      "MSE": 0.06094427033633641,
      "RMSE": 0.24686893351804395,
      "MAE": 0.21000818277494057,
      "Adjusted R2 score": -0.12111162939018061,
      "MAPE": 1.2439714201053393,
      "sMAPE": 56.8891723256271
    },
    "4": {
      "MSE": 0.04717210692878816,
      "RMSE": 0.21719140620380947,
      "MAE": 0.18134357106135518,
      "Adjusted R2 score": -0.45782097126748855,
      "MAPE": 1.4832784559755092,
      "sMAPE": 56.528814299448506
    }
  },
  "Single_Slab": {
    "0": {
      "MSE": 0.05459049704243598,
      "RMSE": 0.23364609357409763,
      "MAE": 0.19782847824281546,
      "Adjusted R2 score": -0.8060568376673485,
      "MAPE": 1.662298665662427,
      "sMAPE": 61.656487640338106
    },
    "1": {
      "MSE": 0.04487896691567389,
      "RMSE": 0.2118465645595271,
      "MAE": 0.17628310338782824,
      "Adjusted R2 score": -0.33237374112374707,
      "MAPE": 1.3869582390596276,
      "sMAPE": 54.762222693671106
    },
    "2": {
      "MSE": 0.057553811488395494,
      "RMSE": 0.2399037546358862,
      "MAE": 0.20571313447855033,
      "Adjusted R2 score": -0.920768483558313,
      "MAPE": 1.765171823265267,
      "sMAPE": 64.64367250576414
    },
    "3": {
      "MSE": 0.04994774317579466,
      "RMSE": 0.2234899173918024,
      "MAE": 0.18657325673998265,
      "Adjusted R2 score": -0.011068410267736084,
      "MAPE": 1.180693417193473,
      "sMAPE": 55.847699420465155
    },