{
  "Covariate_Shift": {
    "0": {
      "MSE": 0.03694763450279746,
      "RMSE": 0.19221767479292184,
      "MAE": 0.15430612833754523,
      "Adjusted R2 score": -0.022049495186186263,
      "MAPE": 0.840097254334527,
      "sMAPE": 48.960179175553286
    },
    "1": {
      "MSE": 0.041019064480522074,
      "RMSE": 0.20253163822109888,
      "MAE": 0.16242230878202096,
      "Adjusted R2 score": 0.0443699994233383,
      "MAPE": 0.8058938250861267,
      "sMAPE": 49.002090958244516
    },
    "2": {
      "MSE": 0.04033824621266511,
      "RMSE": 0.200843835386265,
      "MAE": 0.15958403157757958,
      "Adjusted R2 score": 0.12512050509433736,
      "MAPE": 0.8322424252383903,
      "sMAPE": 47.33801623038139
    },
    "3": {
      "MSE": 0.03443911855904301,
      "RMSE": 0.18557779651413855,
      "MAE": 0.1466531768210954,
      "Adjusted R2 score": 0.26463649553901747,
      "MAPE": 0.7427275123941226,
      "sMAPE": 44.59549354948661
    }
  },
  "KMeans_Hyperballs": {
    "0": {
      "MSE": 0.042574124383492444,
      "RMSE": 0.20633498099811493,
      "MAE": 0.16424481440851504,
      "Adjusted R2 score": -0.1952135410316822,
      "MAPE": 0.9591267695470274,
      "sMAPE": 48.54296236452335
    },
    "1": {
      "MSE": 0.0431148225601337,
      "RMSE": 0.2076410907314198,
      "MAE": 0.16653787509026965,
      "Adjusted R2 score": -0.20667193092925573,
      "MAPE": 0.7815691337631454,
      "sMAPE": 56.08181841225396
    },
    "2": {
      "MSE": 0.0431148225601337,
      "RMSE": 0.2076410907314198,
      "MAE": 0.16653787509026965,
      "Adjusted R2 score": -0.20667193092925573,
      "MAPE": 0.7815691337631454,
      "sMAPE": 56.08181841225396
    },
    "3": {
      "MSE": 0.0431148225601337,
      "RMSE": 0.2076410907314198,
      "MAE": 0.16653787509026965,
      "Adjusted R2 score": -0.20667193092925573,
      "MAPE": 0.7815691337631454,
      "sMAPE": 56.08181841225396
    },
    "4": {
      "MSE": 0.0549409522655614,
      "RMSE": 0.23439486399143092,
      "MAE": 0.18797608108471933,
      "Adjusted R2 score": 0.010387332091325807,
      "MAPE": 0.7980505137818643,
      "sMAPE": 46.55450846284133
    }
  },
  "Multiple_Hyperballs": {
    "0": {
      "MSE": 0.037437693913436106,
      "RMSE": 0.19348822680834124,
      "MAE": 0.15365491065277437,
      "Adjusted R2 score": 0.20981009536784234,
      "MAPE": 0.8599585781564053,
      "sMAPE": 49.13798816875135
    },
    "1": {
      "MSE": 0.05022461598120545,
      "RMSE": 0.2241084915419437,
      "MAE": 0.17980538563336906,
      "Adjusted R2 score": 0.06866097265283122,
      "MAPE": 0.7824136502682918,
      "sMAPE": 45.42305258950571
    },
    "2": {
      "MSE": 0.04456517933779991,
      "RMSE": 0.2111046644150714,
      "MAE": 0.1686042154303205,
      "Adjusted R2 score": 0.18551980236038335,
      "MAPE": 0.6977244307622105,
      "sMAPE": 43.70932577994088
    },
    "3": {
      "MSE": 0.03461565757323164,
      "RMSE": 0.18605283543453896,
      "MAE": 0.1491043047197274,
      "Adjusted R2 score": -0.007384676427724779,
      "MAPE": 0.7225355127817276,
      "sMAPE": 49.663824430624125
    },
    "4": {
      "MSE": 0.03152201146646756,
      "RMSE": 0.17754439294572938,
      "MAE": 0.14059349925090797,
      "Adjusted R2 score": 0.3690070429023602,
      "MAPE": 0.6714053312937388,
      "sMAPE": 43.597202569764036
    }
  },
  "Random_Split": {
    "0": {
      "MSE": 0.03115645953057842,
      "RMSE": 0.17651192461298024,
      "MAE": 0.13849821869181647,
      "Adjusted R2 score": 0.32674412504801964,
      "MAPE": 0.7036171099735737,
      "sMAPE": 43.06363247452515
    },
    "1": {
      "MSE": 0.030832818171597956,
      "RMSE": 0.17559276229844428,
      "MAE": 0.13758544697882003,
      "Adjusted R2 score": 0.33454852633382415,
      "MAPE": 0.7044737388636847,
      "sMAPE": 42.718309903215015
    },
    "2": {
      "MSE": 0.03077909408307234,
      "RMSE": 0.17543971637879588,
      "MAE": 0.1376346942444588,
      "Adjusted R2 score": 0.3419870837492692,
      "MAPE": 0.6947943670637319,
      "sMAPE": 42.722997166129076
    },
    "3": {
      "MSE": 0.030216795350333142,
      "RMSE": 0.17382978844356092,
      "MAE": 0.13748241087324528,
      "Adjusted R2 score": 0.3495044774840562,
      "MAPE": 0.6929383006185046,
      "sMAPE": 42.6473300686111
    },
    "4": {
      "MSE": 0.03128392968631859,
      "RMSE": 0.17687263690666963,
      "MAE": 0.13895522749518835,
      "Adjusted R2 score": 0.3194576067437066,
      "MAPE": 0.7036057777181531,
      "sMAPE": 43.04618767182166
    }
  },
  "Semi_Infinite_Slab": {
    "0": {
      "MSE": 0.0361623252947933,
      "RMSE": 0.19016394320373486,
      "MAE": 0.15293539235840975,
      "Adjusted R2 score": -0.06636648357631025,
      "MAPE": 0.9784672059857265,
      "sMAPE": 48.70554975444695
    },
    "1": {
      "MSE": 0.03611835398011463,
      "RMSE": 0.1900482938100593,
      "MAE": 0.1528413043989305,
      "Adjusted R2 score": -0.06508257345820478,
      "MAPE": 0.9776650521807033,
      "sMAPE": 48.68489407309908
    },
    "2": {
      "MSE": 0.033318491279659884,
      "RMSE": 0.18253353467146766,
      "MAE": 0.14514037108678804,
      "Adjusted R2 score": 0.011207980149486763,
      "MAPE": 0.8984165764729308,
      "sMAPE": 48.79077432526472
    },
    "3": {
      "MSE": 0.03611835398011463,
      "RMSE": 0.1900482938100593,
      "MAE": 0.1528413043989305,
      "Adjusted R2 score": -0.06508257345820478,
      "MAPE": 0.9776650521807033,
      "sMAPE": 48.68489407309908
    },
    "4": {
      "MSE": 0.04640601569287508,
      "RMSE": 0.2154205554093552,
      "MAE": 0.17188323452166188,
      "Adjusted R2 score": 0.13589935077716542,
      "MAPE": 0.7971694205439347,
      "sMAPE": 46.9135935570965
    }
  },
  "Single_Hyperball": {
    "0": {
      "MSE": 0.027323527432271313,
      "RMSE": 0.1652982983344696,
      "MAE": 0.1336258299847991,
      "Adjusted R2 score": 0.083148452837846,
      "MAPE": 0.9207343890966264,
      "sMAPE": 49.02510768792242
    },
    "1": {
      "MSE": 0.02835870880014532,
      "RMSE": 0.16840044180507757,
      "MAE": 0.1359485553161839,
      "Adjusted R2 score": 0.055017361427182165,
      "MAPE": 0.9656422213656086,
      "sMAPE": 50.10278835587211
    },
    "2": {
      "MSE": 0.03147737444127795,
      "RMSE": 0.17741864175243238,
      "MAE": 0.14392837428263502,
      "Adjusted R2 score": -0.04289747846721026,
      "MAPE": 1.0217039569389867,
      "sMAPE": 52.07929757818584
    },
    "3": {
      "MSE": 0.03959223732287329,
      "RMSE": 0.19897798200522915,
      "MAE": 0.15471002931874822,
      "Adjusted R2 score": 0.271673654450426,
      "MAPE": 0.6839455664644413,
      "sMAPE": 46.74626267215178
    },
    "4": {
      "MSE": 0.02778627313289435,
      "RMSE": 0.1666921507836957,
      "MAE": 0.13549148631502342,
      "Adjusted R2 score": 0.1412846632513053,
      "MAPE": 0.8778668329214513,
      "sMAPE": 47.56190349114918
    }
  },
  "Single_Slab": {
    "0": {
      "MSE": 0.031403083054635975,
      "RMSE": 0.1772091505950976,
      "MAE": 0.14234506096440863,
      "Adjusted R2 score": -0.0389308752871933,
      "MAPE": 0.993202220958697,
      "sMAPE": 51.22141649075822
    },
    "1": {
      "MSE": 0.030090679692849898,
      "RMSE": 0.17346665297067876,
      "MAE": 0.13811658239570826,
      "Adjusted R2 score": 0.10666322710479492,
      "MAPE": 0.8616108282301467,
      "sMAPE": 47.562329156704166
    },
    "2": {
      "MSE": 0.032510672991492164,
      "RMSE": 0.180307162895688,
      "MAE": 0.1439724806364619,
      "Adjusted R2 score": -0.0849928865948244,
      "MAPE": 0.9858325506049102,
      "sMAPE": 53.70323331283037
    },
    "3": {
      "MSE": 0.044000516239339454,
      "RMSE": 0.2097630001676641,
      "MAE": 0.16447075773509548,
      "Adjusted R2 score": 0.10931847614232337,
      "MAPE": 0.8064744643030175,
      "sMAPE": 52.33586527712377
    },