{
  "Covariate_Shift": {
    "0": {
      "MSE": 0.030512408565088703,
      "RMSE": 0.17467801397167504,
      "MAE": 0.1394500781012972,
      "Adjusted R2 score": 0.15596242653904113,
      "MAPE": 0.7121603322162884,
      "sMAPE": 45.59039937002291
    },
    "1": {
      "MSE": 0.037499358967910505,
      "RMSE": 0.19364751216555948,
      "MAE": 0.15458138310477051,
      "Adjusted R2 score": 0.12636933859997523,
      "MAPE": 0.6870712593373682,
      "sMAPE": 47.73779270310593
    },
    "2": {
      "MSE": 0.035394993810144736,
      "RMSE": 0.18813557295244496,
      "MAE": 0.1505833982274336,
      "Adjusted R2 score": 0.23233265661693814,
      "MAPE": 0.8198702300309566,
      "sMAPE": 45.32955259185936
    },
    "3": {
      "MSE": 0.03255841934923558,
      "RMSE": 0.18043951714975182,
      "MAE": 0.1449914951341554,
      "Adjusted R2 score": 0.3047942469457485,
      "MAPE": 0.752390840444112,
      "sMAPE": 44.07423838977184
    }
  },
  "KMeans_Hyperballs": {
    "0": {
      "MSE": 0.027935759948079633,
      "RMSE": 0.16713994121118875,
      "MAE": 0.13630828989027652,
      "Adjusted R2 score": 0.21573962935332802,
      "MAPE": 0.853135333620967,
      "sMAPE": 43.637478061397275
    },
    "1": {
      "MSE": 0.027598284808745842,
      "RMSE": 0.1661273150591011,
      "MAE": 0.13399106931914043,
      "Adjusted R2 score": 0.2275956702812042,
      "MAPE": 0.7499147421904249,
      "sMAPE": 44.95626632839688
    },
    "2": {
      "MSE": 0.027598284808745842,
      "RMSE": 0.1661273150591011,
      "MAE": 0.13399106931914043,
      "Adjusted R2 score": 0.2275956702812042,
      "MAPE": 0.7499147421904249,
      "sMAPE": 44.95626632839688
    },
    "3": {
      "MSE": 0.027598284808745842,
      "RMSE": 0.1661273150591011,
      "MAE": 0.13399106931914043,
      "Adjusted R2 score": 0.2275956702812042,
      "MAPE": 0.7499147421904249,
      "sMAPE": 44.95626632839688
    },
    "4": {
      "MSE": 0.04337885390988575,
      "RMSE": 0.2082759081360246,
      "MAE": 0.16919229510909542,
      "Adjusted R2 score": 0.21864726441060678,
      "MAPE": 0.6965291891258935,
      "sMAPE": 43.08377474562011
    }
  },
  "Multiple_Hyperballs": {
    "0": {
      "MSE": 0.031647140169920464,
      "RMSE": 0.17789643102075,
      "MAE": 0.13860915324207934,
      "Adjusted R2 score": 0.3320301530705376,
      "MAPE": 0.642877899846496,
      "sMAPE": 51.15196143881345
    },
    "1": {
      "MSE": 0.043353240311948954,
      "RMSE": 0.2082144094724209,
      "MAE": 0.16862080694101855,
      "Adjusted R2 score": 0.19608017153206458,
      "MAPE": 0.8333718139693308,
      "sMAPE": 42.69336284924506
    },
    "2": {
      "MSE": 0.03889218879206509,
      "RMSE": 0.19721102604079999,
      "MAE": 0.1586010519200779,
      "Adjusted R2 score": 0.28920026611156735,
      "MAPE": 0.7625395460959792,
      "sMAPE": 40.96900658941951
    },
    "3": {
      "MSE": 0.02694944044085763,
      "RMSE": 0.16416284732197364,
      "MAE": 0.1310283991081503,
      "Adjusted R2 score": 0.21571753242048597,
      "MAPE": 0.6795434148692668,
      "sMAPE": 43.53683615390844
    },
    "4": {
      "MSE": 0.03703971437875971,
      "RMSE": 0.19245704554201104,
      "MAE": 0.15444206170359137,
      "Adjusted R2 score": 0.2585562336093945,
      "MAPE": 0.595532656375518,
      "sMAPE": 54.027591928176264
    }
  },
  "Random_Split": {
    "0": {
      "MSE": 0.03323590413079036,
      "RMSE": 0.18230716971855596,
      "MAE": 0.14510920690212606,
      "Adjusted R2 score": 0.2818096775907969,
      "MAPE": 0.68084284225097,
      "sMAPE": 46.96229702748379
    },
    "1": {
      "MSE": 0.031194115116881235,
      "RMSE": 0.17661855824595907,
      "MAE": 0.14107602237176772,
      "Adjusted R2 score": 0.3267508095201429,
      "MAPE": 0.794311284637172,
      "sMAPE": 43.14806327027947
    },
    "2": {
      "MSE": 0.03591049254566768,
      "RMSE": 0.18950063996110325,
      "MAE": 0.1504247780426253,
      "Adjusted R2 score": 0.23228513938067674,
      "MAPE": 0.7350869874215582,
      "sMAPE": 45.73811336795773
    },
    "3": {
      "MSE": 0.03180987052740052,
      "RMSE": 0.17835321843858193,
      "MAE": 0.14347953629893412,
      "Adjusted R2 score": 0.31520936916105535,
      "MAPE": 0.8313620882077851,
      "sMAPE": 43.546789553503444
    },
    "4": {
      "MSE": 0.030993314307939727,
      "RMSE": 0.17604918150318033,
      "MAE": 0.14003690525369505,
      "Adjusted R2 score": 0.32577957738812746,
      "MAPE": 0.7226969367732289,
      "sMAPE": 43.36192852114387
    }
  },
  "Semi_Infinite_Slab": {
    "0": {
      "MSE": 0.032459457827521965,
      "RMSE": 0.18016508492913372,
      "MAE": 0.14212262336438777,
      "Adjusted R2 score": 0.042824884180999945,
      "MAPE": 0.7171218085723099,
      "sMAPE": 53.353118710309445
    },
    "1": {
      "MSE": 0.02548351548258384,
      "RMSE": 0.15963557085619684,
      "MAE": 0.12679840004367232,
      "Adjusted R2 score": 0.24852477314177268,
      "MAPE": 0.6623432992515481,
      "sMAPE": 45.185786576436435
    },
    "2": {
      "MSE": 0.04625703119614337,
      "RMSE": 0.21507447825379786,
      "MAE": 0.1753668607384352,
      "Adjusted R2 score": -0.3727687404815081,
      "MAPE": 0.7754338547482297,
      "sMAPE": 81.48184692889208
    },
    "3": {
      "MSE": 0.02548351548258384,
      "RMSE": 0.15963557085619684,
      "MAE": 0.12679840004367232,
      "Adjusted R2 score": 0.24852477314177268,
      "MAPE": 0.6623432992515481,
      "sMAPE": 45.185786576436435
    },
    "4": {
      "MSE": 0.04301463079722738,
      "RMSE": 0.20739968851767204,
      "MAE": 0.16802244096354524,
      "Adjusted R2 score": 0.1990484457024515,
      "MAPE": 0.9541088746705401,
      "sMAPE": 44.98676778505629
    }
  },
  "Single_Hyperball": {
    "0": {
      "MSE": 0.02090935252849845,
      "RMSE": 0.14460066572633215,
      "MAE": 0.11549003136815644,
      "Adjusted R2 score": 0.2983785763594179,
      "MAPE": 0.8007279901822363,
      "sMAPE": 43.900898444183
    },
    "1": {
      "MSE": 0.02437764327694594,
      "RMSE": 0.15613341499162164,
      "MAE": 0.1226923156059396,
      "Adjusted R2 score": 0.18767635619865597,
      "MAPE": 0.7233856235856624,
      "sMAPE": 50.59388277542023
    },
    "2": {
      "MSE": 0.024420966670664276,
      "RMSE": 0.15627209178437548,
      "MAE": 0.12414682776311237,
      "Adjusted R2 score": 0.19089298219328998,
      "MAPE": 0.7488027307977819,
      "sMAPE": 48.694201969734905
    },
    "3": {
      "MSE": 0.03055169500444484,
      "RMSE": 0.17479043167303193,
      "MAE": 0.13620546400185388,
      "Adjusted R2 score": 0.43798062757930467,
      "MAPE": 0.6342385205177484,
      "sMAPE": 42.72514413382426
    },
    "4": {
      "MSE": 0.021074902136865643,
      "RMSE": 0.14517197435064952,
      "MAE": 0.11571059694565851,
      "Adjusted R2 score": 0.34869488978066265,
      "MAPE": 0.6872947635042234,
      "sMAPE": 43.20594251338023
    }
  },
  "Single_Slab": {
    "0": {
      "MSE": 0.026645231386013542,
      "RMSE": 0.16323367111602172,
      "MAE": 0.12913552004551496,
      "Adjusted R2 score": 0.11847656747785085,
      "MAPE": 0.6761692471449151,
      "sMAPE": 50.36860900976934
    },
    "1": {
      "MSE": 0.022299343697030707,
      "RMSE": 0.14932964774963714,
      "MAE": 0.11812693114912409,
      "Adjusted R2 score": 0.3379736204257294,
      "MAPE": 0.6684796452323698,
      "sMAPE": 43.327008383211954
    },
    "2": {
      "MSE": 0.023042877500040252,
      "RMSE": 0.15179880599016665,
      "MAE": 0.12062072357765553,
      "Adjusted R2 score": 0.23097998676427578,
      "MAPE": 0.7641726344326504,
      "sMAPE": 48.42816463327265
    },
    "3": {
      "MSE": 0.03928187284007397,
      "RMSE": 0.19819655102971387,
      "MAE": 0.15758437816899748,
      "Adjusted R2 score": 0.2048357303158358,
      "MAPE": 0.8220565911950758,
      "sMAPE": 49.81672329039575
    },