{
  "Covariate_Shift": {
    "0": {
      "MSE": 0.027607222567864124,
      "RMSE": 0.16615421321129395,
      "MAE": 0.13388466026470883,
      "Adjusted R2 score": 0.23632599843863156,
      "MAPE": 0.7511664313525995,
      "sMAPE": 43.68776333111066
    },
    "1": {
      "MSE": 0.034380069399319514,
      "RMSE": 0.18541863282669171,
      "MAE": 0.14998560266082347,
      "Adjusted R2 score": 0.1990401010852303,
      "MAPE": 0.791790949821247,
      "sMAPE": 45.61693189673203
    },
    "2": {
      "MSE": 0.034715981194538136,
      "RMSE": 0.1863222509378258,
      "MAE": 0.14973802882525972,
      "Adjusted R2 score": 0.247059479668307,
      "MAPE": 0.8360437068577575,
      "sMAPE": 45.06590156795478
    },
    "3": {
      "MSE": 0.03182983755080375,
      "RMSE": 0.17840918572428874,
      "MAE": 0.14328750439826848,
      "Adjusted R2 score": 0.32035133687715267,
      "MAPE": 0.7450017694391472,
      "sMAPE": 43.76975656347844
    }
  },
  "KMeans_Hyperballs": {
    "0": {
      "MSE": 0.025910394835433063,
      "RMSE": 0.16096706133688676,
      "MAE": 0.13115101350864092,
      "Adjusted R2 score": 0.2725991383443561,
      "MAPE": 0.7565324306151895,
      "sMAPE": 42.751719297896976
    },
    "1": {
      "MSE": 0.02715362308008538,
      "RMSE": 0.16478356435059105,
      "MAE": 0.1319977295060859,
      "Adjusted R2 score": 0.24004059745177753,
      "MAPE": 0.7626800251666097,
      "sMAPE": 44.40204613209267
    },
    "2": {
      "MSE": 0.02715362308008538,
      "RMSE": 0.16478356435059105,
      "MAE": 0.1319977295060859,
      "Adjusted R2 score": 0.24004059745177753,
      "MAPE": 0.7626800251666097,
      "sMAPE": 44.40204613209267
    },
    "3": {
      "MSE": 0.02715362308008538,
      "RMSE": 0.16478356435059105,
      "MAE": 0.1319977295060859,
      "Adjusted R2 score": 0.24004059745177753,
      "MAPE": 0.7626800251666097,
      "sMAPE": 44.40204613209267
    },
    "4": {
      "MSE": 0.04248712538937693,
      "RMSE": 0.2061240533983769,
      "MAE": 0.16713413519478948,
      "Adjusted R2 score": 0.23470934203833926,
      "MAPE": 0.7730298560878005,
      "sMAPE": 42.22108236717206
    }
  },
  "Multiple_Hyperballs": {
    "0": {
      "MSE": 0.027750046388910217,
      "RMSE": 0.16658345172588487,
      "MAE": 0.13065977235805853,
      "Adjusted R2 score": 0.4142853307072636,
      "MAPE": 0.7089669947700046,
      "sMAPE": 43.30510396674452
    },
    "1": {
      "MSE": 0.04109834948658651,
      "RMSE": 0.20272727859512768,
      "MAE": 0.16415483990070956,
      "Adjusted R2 score": 0.2378936884109787,
      "MAPE": 0.7627464297669879,
      "sMAPE": 42.09900317601381
    },
    "2": {
      "MSE": 0.03879631386699321,
      "RMSE": 0.1969677990611491,
      "MAE": 0.15824912382684467,
      "Adjusted R2 score": 0.2909524912586787,
      "MAPE": 0.7300638622108669,
      "sMAPE": 40.952204405907594
    },
    "3": {
      "MSE": 0.026220665099896047,
      "RMSE": 0.1619279626867949,
      "MAE": 0.1299074545240146,
      "Adjusted R2 score": 0.23692634838736248,
      "MAPE": 0.7147782687928355,
      "sMAPE": 42.981519448046974
    },
    "4": {
      "MSE": 0.02782590609110103,
      "RMSE": 0.16681098911972506,
      "MAE": 0.13140701182379705,
      "Adjusted R2 score": 0.4429939603624966,
      "MAPE": 0.6545687844522504,
      "sMAPE": 41.37803471775609
    }
  },
  "Random_Split": {
    "0": {
      "MSE": 0.030827759409012917,
      "RMSE": 0.17557835689233714,
      "MAE": 0.14038554999030156,
      "Adjusted R2 score": 0.33384696315207996,
      "MAPE": 0.7519143664391855,
      "sMAPE": 43.37256179429621
    },
    "1": {
      "MSE": 0.030702654724401205,
      "RMSE": 0.17522173017180603,
      "MAE": 0.13955281191305072,
      "Adjusted R2 score": 0.33735778811691786,
      "MAPE": 0.7577349456792187,
      "sMAPE": 42.93572518777245
    },
    "2": {
      "MSE": 0.030821719299862764,
      "RMSE": 0.17556115544123865,
      "MAE": 0.13922031727994147,
      "Adjusted R2 score": 0.34107581770841744,
      "MAPE": 0.7318268268351223,
      "sMAPE": 42.774490767689294
    },
    "3": {
      "MSE": 0.030749628011453586,
      "RMSE": 0.17535571850228776,
      "MAE": 0.1396732344871859,
      "Adjusted R2 score": 0.33803386134854074,
      "MAPE": 0.7365368486953087,
      "sMAPE": 42.97285691996162
    },
    "4": {
      "MSE": 0.0304141934368586,
      "RMSE": 0.1743966554635111,
      "MAE": 0.13871211642135187,
      "Adjusted R2 score": 0.33837762077788036,
      "MAPE": 0.734578121201738,
      "sMAPE": 42.82165522671078
    }
  },
  "Semi_Infinite_Slab": {
    "0": {
      "MSE": 0.024500072496488015,
      "RMSE": 0.15652499000635015,
      "MAE": 0.12476919436209108,
      "Adjusted R2 score": 0.277533843787245,
      "MAPE": 0.6449254905783867,
      "sMAPE": 45.042835853681055
    },
    "1": {
      "MSE": 0.02483963570111346,
      "RMSE": 0.15760595071606104,
      "MAE": 0.12545327740524484,
      "Adjusted R2 score": 0.2675119378122264,
      "MAPE": 0.636404773297683,
      "sMAPE": 45.573101462301494
    },
    "2": {
      "MSE": 0.027394585401952085,
      "RMSE": 0.16551309737284262,
      "MAE": 0.13125819231410646,
      "Adjusted R2 score": 0.18701158449212651,
      "MAPE": 0.6425859453625636,
      "sMAPE": 50.34897242723342
    },
    "3": {
      "MSE": 0.02483963570111346,
      "RMSE": 0.15760595071606104,
      "MAE": 0.12545327740524484,
      "Adjusted R2 score": 0.2675119378122264,
      "MAPE": 0.636404773297683,
      "sMAPE": 45.573101462301494
    },
    "4": {
      "MSE": 0.03933136775253678,
      "RMSE": 0.19832137492599425,
      "MAE": 0.16012359257557737,
      "Adjusted R2 score": 0.26763244156280463,
      "MAPE": 0.8627580304239326,
      "sMAPE": 43.862909565408344
    }
  },
  "Single_Hyperball": {
    "0": {
      "MSE": 0.020318006918200612,
      "RMSE": 0.14254124637521806,
      "MAE": 0.11287942585621782,
      "Adjusted R2 score": 0.31822140737942606,
      "MAPE": 0.6832655521247204,
      "sMAPE": 44.41325580609932
    },
    "1": {
      "MSE": 0.021106727382528785,
      "RMSE": 0.14528154522350312,
      "MAE": 0.11528990989250017,
      "Adjusted R2 score": 0.2966714008686817,
      "MAPE": 0.7042617462194015,
      "sMAPE": 45.82757196561526
    },
    "2": {
      "MSE": 0.022611139928692743,
      "RMSE": 0.15037001007080084,
      "MAE": 0.11972495425077964,
      "Adjusted R2 score": 0.25085553558813445,
      "MAPE": 0.7288077459038221,
      "sMAPE": 47.53576390917364
    },
    "3": {
      "MSE": 0.03124286896082048,
      "RMSE": 0.1767565245212195,
      "MAE": 0.13791237541212642,
      "Adjusted R2 score": 0.42526600886046584,
      "MAPE": 0.6928431147844966,
      "sMAPE": 41.864017002767845
    },
    "4": {
      "MSE": 0.020471177439689812,
      "RMSE": 0.14307752248235853,
      "MAE": 0.11389940502284569,
      "Adjusted R2 score": 0.36735257928653287,
      "MAPE": 0.6425378388001498,
      "sMAPE": 43.249589058725306
    }
  },
  "Single_Slab": {
    "0": {
      "MSE": 0.022432571832096636,
      "RMSE": 0.14977507079650015,
      "MAE": 0.1198924926987193,
      "Adjusted R2 score": 0.25784702578677565,
      "MAPE": 0.7696487097446675,
      "sMAPE": 46.190842054613164
    },
    "1": {
      "MSE": 0.02177396784260649,
      "RMSE": 0.14756004826038277,
      "MAE": 0.11696115146332278,
      "Adjusted R2 score": 0.3535710604018,
      "MAPE": 0.6571036291123105,
      "sMAPE": 43.09148017203238
    },
    "2": {
      "MSE": 0.02340343676113569,
      "RMSE": 0.15298181840053965,
      "MAE": 0.12149514994726214,
      "Adjusted R2 score": 0.2189468850937315,
      "MAPE": 0.7539978134982293,
      "sMAPE": 48.604012011366436
    },
    "3": {
      "MSE": 0.03438619843131234,
      "RMSE": 0.18543515964161797,
      "MAE": 0.145453570052995,
      "Adjusted R2 score": 0.30393653901971796,
      "MAPE": 0.8191922662073379,
      "sMAPE": 46.713637559113714
    },