{
  "Covariate_Shift": {
    "0": {
      "MSE": 0.02871865197340002,
      "RMSE": 0.16946578407867477,
      "MAE": 0.1375267922248052,
      "Adjusted R2 score": 0.20558151700837812,
      "MAPE": 0.7611599952777057,
      "sMAPE": 44.88023781569104
    },
    "1": {
      "MSE": 0.03406568315502781,
      "RMSE": 0.1845689116699446,
      "MAE": 0.14850310471753442,
      "Adjusted R2 score": 0.20636442528956322,
      "MAPE": 0.7744462527255098,
      "sMAPE": 45.31903125851856
    },
    "2": {
      "MSE": 0.03365349204553039,
      "RMSE": 0.18344888128721415,
      "MAE": 0.1462273536155802,
      "Adjusted R2 score": 0.2701033662350659,
      "MAPE": 0.790138130879531,
      "sMAPE": 44.40444760831944
    },
    "3": {
      "MSE": 0.029708240511915025,
      "RMSE": 0.17236078588795953,
      "MAE": 0.1375524338259156,
      "Adjusted R2 score": 0.3656528747459723,
      "MAPE": 0.7216832889222892,
      "sMAPE": 42.54682168459251
    }
  },
  "KMeans_Hyperballs": {
    "0": {
      "MSE": 0.03484563209757432,
      "RMSE": 0.1866698478533004,
      "MAE": 0.14733068612026368,
      "Adjusted R2 score": 0.021753895542770296,
      "MAPE": 0.8511038364935234,
      "sMAPE": 45.644503836006706
    },
    "1": {
      "MSE": 0.039337784027812975,
      "RMSE": 0.1983375507255572,
      "MAE": 0.16012450745251533,
      "Adjusted R2 score": -0.10096242991871685,
      "MAPE": 0.696186521603133,
      "sMAPE": 54.93463615453907
    },
    "2": {
      "MSE": 0.039337784027812975,
      "RMSE": 0.1983375507255572,
      "MAE": 0.16012450745251533,
      "Adjusted R2 score": -0.10096242991871685,
      "MAPE": 0.696186521603133,
      "sMAPE": 54.93463615453907
    },
    "3": {
      "MSE": 0.039337784027812975,
      "RMSE": 0.1983375507255572,
      "MAE": 0.16012450745251533,
      "Adjusted R2 score": -0.10096242991871685,
      "MAPE": 0.696186521603133,
      "sMAPE": 54.93463615453907
    },
    "4": {
      "MSE": 0.05362890299765527,
      "RMSE": 0.23157915061087703,
      "MAE": 0.18736481805465918,
      "Adjusted R2 score": 0.034020351230931944,
      "MAPE": 0.8313035223983741,
      "sMAPE": 45.95113282275065
    }
  },
  "Multiple_Hyperballs": {
    "0": {
      "MSE": 0.033151722248281425,
      "RMSE": 0.18207614409439096,
      "MAE": 0.1422920342161181,
      "Adjusted R2 score": 0.3002732405918923,
      "MAPE": 0.7137158276781508,
      "sMAPE": 46.85773041265183
    },
    "1": {
      "MSE": 0.05148213314406876,
      "RMSE": 0.22689674555636263,
      "MAE": 0.18063992995567707,
      "Adjusted R2 score": 0.04534223166391549,
      "MAPE": 0.8551748481628891,
      "sMAPE": 44.55667495018783
    },
    "2": {
      "MSE": 0.04286783329072615,
      "RMSE": 0.20704548604286488,
      "MAE": 0.16520262632467025,
      "Adjusted R2 score": 0.21654076456508087,
      "MAPE": 0.6630301822243867,
      "sMAPE": 43.102587120434514
    },
    "3": {
      "MSE": 0.029583659780463654,
      "RMSE": 0.17199901098687648,
      "MAE": 0.13862052548023193,
      "Adjusted R2 score": 0.1390564956785243,
      "MAPE": 0.6611912430300663,
      "sMAPE": 46.48784659207616
    },
    "4": {
      "MSE": 0.029967254213641884,
      "RMSE": 0.1731105260047519,
      "MAE": 0.13677766835613053,
      "Adjusted R2 score": 0.40012945009941003,
      "MAPE": 0.6237999877627007,
      "sMAPE": 43.5317218334338
    }
  },
  "Random_Split": {
    "0": {
      "MSE": 0.0280527530698917,
      "RMSE": 0.16748956107737492,
      "MAE": 0.1323773920029484,
      "Adjusted R2 score": 0.3938117136080398,
      "MAPE": 0.7054154680328909,
      "sMAPE": 41.61559253942462
    },
    "1": {
      "MSE": 0.027964460010232874,
      "RMSE": 0.1672257755557823,
      "MAE": 0.13222881419608748,
      "Adjusted R2 score": 0.3964550687348386,
      "MAPE": 0.7024862514162701,
      "sMAPE": 41.296269367526975
    },
    "2": {
      "MSE": 0.028284206097645218,
      "RMSE": 0.16817908935906753,
      "MAE": 0.1325646272504929,
      "Adjusted R2 score": 0.39532421298962217,
      "MAPE": 0.6968734344199147,
      "sMAPE": 41.341656967630236
    },
    "3": {
      "MSE": 0.02783278161602795,
      "RMSE": 0.1668315965757924,
      "MAE": 0.13221364385671833,
      "Adjusted R2 score": 0.40082660618110044,
      "MAPE": 0.6905020867406527,
      "sMAPE": 41.36786544294636
    },
    "4": {
      "MSE": 0.027832744163939604,
      "RMSE": 0.16683148433056516,
      "MAE": 0.13179952471719725,
      "Adjusted R2 score": 0.39453379053906956,
      "MAPE": 0.6963419986559165,
      "sMAPE": 41.20781752402569
    }
  },
  "Semi_Infinite_Slab": {
    "0": {
      "MSE": 0.037572583726643675,
      "RMSE": 0.19383648708807039,
      "MAE": 0.15367116963088726,
      "Adjusted R2 score": -0.10795264576712071,
      "MAPE": 1.0168296025219385,
      "sMAPE": 48.18202760133901
    },
    "1": {
      "MSE": 0.03719953864874325,
      "RMSE": 0.19287181921873203,
      "MAE": 0.15267437296279085,
      "Adjusted R2 score": -0.09696528189725862,
      "MAPE": 1.0124167118784768,
      "sMAPE": 48.00891182526522
    },
    "2": {
      "MSE": 0.029671884201226285,
      "RMSE": 0.17225528787594965,
      "MAE": 0.1370702124379353,
      "Adjusted R2 score": 0.11942824583981071,
      "MAPE": 0.9153719496219406,
      "sMAPE": 46.977926622610255
    },
    "3": {
      "MSE": 0.03719953864874325,
      "RMSE": 0.19287181921873203,
      "MAE": 0.15267437296279085,
      "Adjusted R2 score": -0.09696528189725862,
      "MAPE": 1.0124167118784768,
      "sMAPE": 48.00891182526522
    },
    "4": {
      "MSE": 0.04907873071800693,
      "RMSE": 0.2215371994000261,
      "MAE": 0.1791025572569824,
      "Adjusted R2 score": 0.08613220843750002,
      "MAPE": 1.0176323497355604,
      "sMAPE": 46.667128590281536
    }
  },
  "Single_Hyperball": {
    "0": {
      "MSE": 0.024490106734273286,
      "RMSE": 0.1564931523558564,
      "MAE": 0.12400836617703176,
      "Adjusted R2 score": 0.17822498192656533,
      "MAPE": 0.7919571107886302,
      "sMAPE": 46.890574259088716
    },
    "1": {
      "MSE": 0.02354459071422319,
      "RMSE": 0.15344246711462636,
      "MAE": 0.12229611401239941,
      "Adjusted R2 score": 0.21543573742928368,
      "MAPE": 0.8036122649814106,
      "sMAPE": 47.059706594263886
    },
    "2": {
      "MSE": 0.033108190056579556,
      "RMSE": 0.18195656090556217,
      "MAE": 0.14262647479156917,
      "Adjusted R2 score": -0.09692909715306475,
      "MAPE": 0.6260277068096555,
      "sMAPE": 63.48446997949827
    },
    "3": {
      "MSE": 0.036206627529857156,
      "RMSE": 0.1902803918690971,
      "MAE": 0.14569558938789637,
      "Adjusted R2 score": 0.3339542673871376,
      "MAPE": 0.5950087952688364,
      "sMAPE": 45.627427442878684
    },
    "4": {
      "MSE": 0.024931215035068413,
      "RMSE": 0.157896216025174,
      "MAE": 0.12631570075958587,
      "Adjusted R2 score": 0.22951823686464812,
      "MAPE": 0.7816430804052615,
      "sMAPE": 45.48708751878886
    }
  },
  "Single_Slab": {
    "0": {
      "MSE": 0.02752880957292224,
      "RMSE": 0.16591808091019566,
      "MAE": 0.1307764947579509,
      "Adjusted R2 score": 0.08924451222032714,
      "MAPE": 0.7818492072747442,
      "sMAPE": 49.88330288069845
    },
    "1": {
      "MSE": 0.02483551568906915,
      "RMSE": 0.15759287956335194,
      "MAE": 0.12676658092423015,
      "Adjusted R2 score": 0.26267935236660045,
      "MAPE": 0.8089749464001598,
      "sMAPE": 44.68118087213627
    },
    "2": {
      "MSE": 0.027076180478515646,
      "RMSE": 0.16454841378304333,
      "MAE": 0.1289428603773824,
      "Adjusted R2 score": 0.09637480518982111,
      "MAPE": 0.7700080341423458,
      "sMAPE": 50.36346824985149
    },
    "3": {
      "MSE": 0.04032635826062507,
      "RMSE": 0.20081423819197947,
      "MAE": 0.15800548856803923,
      "Adjusted R2 score": 0.18369270869847065,
      "MAPE": 0.7421947738959411,
      "sMAPE": 51.034996263961894
    },