{
  "Covariate_Shift": {
    "0": {
      "MSE": 0.02759556691301461,
      "RMSE": 0.16611913469860903,
      "MAE": 0.13386718406216436,
      "Adjusted R2 score": 0.23664841843426376,
      "MAPE": 0.752086231897463,
      "sMAPE": 43.67840923930958
    },
    "1": {
      "MSE": 0.034378845521842546,
      "RMSE": 0.1854153324885581,
      "MAE": 0.15000210884931006,
      "Adjusted R2 score": 0.19906861402302722,
      "MAPE": 0.7923293856670004,
      "sMAPE": 45.61940766786344
    },
    "2": {
      "MSE": 0.034734719329619544,
      "RMSE": 0.18637252836622553,
      "MAE": 0.14979523533440067,
      "Adjusted R2 score": 0.24665307602673403,
      "MAPE": 0.8368654317179519,
      "sMAPE": 45.07851482887711
    },
    "3": {
      "MSE": 0.031833409896626925,
      "RMSE": 0.17841919710789791,
      "MAE": 0.14330416840609025,
      "Adjusted R2 score": 0.3202750581321211,
      "MAPE": 0.7457814384995459,
      "sMAPE": 43.76643276747221
    }
  },
  "KMeans_Hyperballs": {
    "0": {
      "MSE": 0.025919459991763583,
      "RMSE": 0.1609952172946873,
      "MAE": 0.1311905945262607,
      "Adjusted R2 score": 0.2723446457915508,
      "MAPE": 0.7581104662463057,
      "sMAPE": 42.7595301997994
    },
    "1": {
      "MSE": 0.027139471331608767,
      "RMSE": 0.16474061834170942,
      "MAE": 0.13198172770152397,
      "Adjusted R2 score": 0.2404366681450173,
      "MAPE": 0.7637693246533545,
      "sMAPE": 44.39196664140894
    },
    "2": {
      "MSE": 0.027139471331608767,
      "RMSE": 0.16474061834170942,
      "MAE": 0.13198172770152397,
      "Adjusted R2 score": 0.2404366681450173,
      "MAPE": 0.7637693246533545,
      "sMAPE": 44.39196664140894
    },
    "3": {
      "MSE": 0.027139471331608767,
      "RMSE": 0.16474061834170942,
      "MAE": 0.13198172770152397,
      "Adjusted R2 score": 0.2404366681450173,
      "MAPE": 0.7637693246533545,
      "sMAPE": 44.39196664140894
    },
    "4": {
      "MSE": 0.04250077979507899,
      "RMSE": 0.20615717255307658,
      "MAE": 0.16715718407574612,
      "Adjusted R2 score": 0.23446339484779533,
      "MAPE": 0.7718800583879567,
      "sMAPE": 42.23134493029922
    }
  },
  "Multiple_Hyperballs": {
    "0": {
      "MSE": 0.02776175614898241,
      "RMSE": 0.16661859484758118,
      "MAE": 0.13073095508198507,
      "Adjusted R2 score": 0.4140381751475194,
      "MAPE": 0.7113365437187104,
      "sMAPE": 43.30173816064111
    },
    "1": {
      "MSE": 0.041134360560556804,
      "RMSE": 0.20281607569558385,
      "MAE": 0.1642307666406756,
      "Adjusted R2 score": 0.2372259178775461,
      "MAPE": 0.7610689936719505,
      "sMAPE": 42.12227581562384
    },
    "2": {
      "MSE": 0.03884055964051024,
      "RMSE": 0.1970800843325125,
      "MAE": 0.15834474483680946,
      "Adjusted R2 score": 0.29014384857184683,
      "MAPE": 0.7290925986342345,
      "sMAPE": 40.97631617729452
    },
    "3": {
      "MSE": 0.026190351348683565,
      "RMSE": 0.16183433303438294,
      "MAE": 0.12984557254457815,
      "Adjusted R2 score": 0.2378085390085255,
      "MAPE": 0.7155821760557868,
      "sMAPE": 42.960999154282106
    },
    "4": {
      "MSE": 0.027771805015039053,
      "RMSE": 0.16664874741515176,
      "MAE": 0.1312741245150654,
      "Adjusted R2 score": 0.4440769305277358,
      "MAPE": 0.6557833827963322,
      "sMAPE": 41.29473128771596
    }
  },
  "Random_Split": {
    "0": {
      "MSE": 0.03082916045503534,
      "RMSE": 0.17558234664975675,
      "MAE": 0.140391490289805,
      "Adjusted R2 score": 0.33381668813110876,
      "MAPE": 0.7525856387532263,
      "sMAPE": 43.36676154896813
    },
    "1": {
      "MSE": 0.030708121963969437,
      "RMSE": 0.1752373303950087,
      "MAE": 0.1395789930106399,
      "Adjusted R2 score": 0.33723979103318347,
      "MAPE": 0.7585027031872675,
      "sMAPE": 42.933853481362966
    },
    "2": {
      "MSE": 0.030827532699098107,
      "RMSE": 0.1755777112822072,
      "MAE": 0.13924155902672586,
      "Adjusted R2 score": 0.34095153556502966,
      "MAPE": 0.7325908854622635,
      "sMAPE": 42.77101614722016
    },
    "3": {
      "MSE": 0.030751557595604277,
      "RMSE": 0.17536122032993576,
      "MAE": 0.13968708415573997,
      "Adjusted R2 score": 0.33799232200474894,
      "MAPE": 0.7372327611900036,
      "sMAPE": 42.96772145407078
    },
    "4": {
      "MSE": 0.030413308507077352,
      "RMSE": 0.1743941183270736,
      "MAE": 0.13871679724101185,
      "Adjusted R2 score": 0.3383968713080162,
      "MAPE": 0.7352097127987037,
      "sMAPE": 42.81278948829532
    }
  },
  "Semi_Infinite_Slab": {
    "0": {
      "MSE": 0.02441184235468479,
      "RMSE": 0.15624289537346903,
      "MAE": 0.12457297795428758,
      "Adjusted R2 score": 0.2801356030848887,
      "MAPE": 0.6478377524417286,
      "sMAPE": 44.87332177853571
    },
    "1": {
      "MSE": 0.024738033877694077,
      "RMSE": 0.1572832917944372,
      "MAE": 0.1252252012793245,
      "Adjusted R2 score": 0.2705080414446107,
      "MAPE": 0.6389703658947717,
      "sMAPE": 45.39285146997411
    },
    "2": {
      "MSE": 0.027155577724376632,
      "RMSE": 0.16478949518818434,
      "MAE": 0.1307114008839692,
      "Adjusted R2 score": 0.19410460927184958,
      "MAPE": 0.6454461044485771,
      "sMAPE": 49.93963415931642
    },
    "3": {
      "MSE": 0.024738033877694077,
      "RMSE": 0.1572832917944372,
      "MAE": 0.1252252012793245,
      "Adjusted R2 score": 0.2705080414446107,
      "MAPE": 0.6389703658947717,
      "sMAPE": 45.39285146997411
    },
    "4": {
      "MSE": 0.03929045115478395,
      "RMSE": 0.19821819077668917,
      "MAE": 0.1600172114505248,
      "Adjusted R2 score": 0.26839432680880837,
      "MAPE": 0.860009222547447,
      "sMAPE": 43.85113247331326
    }
  },
  "Single_Hyperball": {
    "0": {
      "MSE": 0.020274188598977106,
      "RMSE": 0.1423874594161196,
      "MAE": 0.11280477241750832,
      "Adjusted R2 score": 0.3196917480546446,
      "MAPE": 0.6863047905819966,
      "sMAPE": 44.332068227067104
    },
    "1": {
      "MSE": 0.021059042746431594,
      "RMSE": 0.1451173413015536,
      "MAE": 0.1152076027735091,
      "Adjusted R2 score": 0.29826037142287976,
      "MAPE": 0.7075141790981774,
      "sMAPE": 45.73342758501462
    },
    "2": {
      "MSE": 0.022558126819983648,
      "RMSE": 0.15019363108994885,
      "MAE": 0.11961432360562692,
      "Adjusted R2 score": 0.2526119475627596,
      "MAPE": 0.7318992214097809,
      "sMAPE": 47.40149891706328
    },
    "3": {
      "MSE": 0.03130347126164118,
      "RMSE": 0.1769278702229843,
      "MAE": 0.13807299459277203,
      "Adjusted R2 score": 0.4241511879947317,
      "MAPE": 0.6944776588644248,
      "sMAPE": 41.8904390197237
    },
    "4": {
      "MSE": 0.0204221674579939,
      "RMSE": 0.14290614912589977,
      "MAE": 0.11380749006443654,
      "Adjusted R2 score": 0.3688671984920222,
      "MAPE": 0.6450649481459568,
      "sMAPE": 43.160536562971764
    }
  },
  "Single_Slab": {
    "0": {
      "MSE": 0.022423306933079753,
      "RMSE": 0.14974413822610805,
      "MAE": 0.11991724700685327,
      "Adjusted R2 score": 0.2581535431318501,
      "MAPE": 0.7734361621510613,
      "sMAPE": 46.1554981490879
    },
    "1": {
      "MSE": 0.02173239154211577,
      "RMSE": 0.14741910168670738,
      "MAE": 0.11688882822727738,
      "Adjusted R2 score": 0.3548053840690758,
      "MAPE": 0.659248609529579,
      "sMAPE": 43.00443381418674
    },
    "2": {
      "MSE": 0.023351318696765794,
      "RMSE": 0.15281138274606965,
      "MAE": 0.1214316023894202,
      "Adjusted R2 score": 0.22068624401500725,
      "MAPE": 0.7580073209579982,
      "sMAPE": 48.50425409958207
    },
    "3": {
      "MSE": 0.03437578909103206,
      "RMSE": 0.1854070901854405,
      "MAE": 0.14544357268757824,
      "Adjusted R2 score": 0.3041472503443934,
      "MAPE": 0.8200227720219476,
      "sMAPE": 46.68771276709064
    },
    "4": {
      "MSE": 0.0226170017580221,