{
  "Covariate_Shift": {
    "0": {
      "MSE": 0.030663024873913456,
      "RMSE": 0.17510860879440923,
      "MAE": 0.14301726618678828,
      "Adjusted R2 score": 0.1517960617778683,
      "MAPE": 0.9125251628844019,
      "sMAPE": 45.478828025716
    },
    "1": {
      "MSE": 0.035792107248330055,
      "RMSE": 0.1891880208901453,
      "MAE": 0.15360946342066564,
      "Adjusted R2 score": 0.1661435504799632,
      "MAPE": 0.8573313728028584,
      "sMAPE": 46.268193903155336
    },
    "2": {
      "MSE": 0.03550434482245191,
      "RMSE": 0.18842596642302756,
      "MAE": 0.15138228939578205,
      "Adjusted R2 score": 0.2299609878559723,
      "MAPE": 0.8597866594865462,
      "sMAPE": 45.39085829877914
    },
    "3": {
      "MSE": 0.03075417758530936,
      "RMSE": 0.1753686904362046,
      "MAE": 0.14105492571677625,
      "Adjusted R2 score": 0.34331943579868074,
      "MAPE": 0.7884442138921466,
      "sMAPE": 43.146560851366715
    }
  },
  "KMeans_Hyperballs": {
    "0": {
      "MSE": 0.038182511914364,
      "RMSE": 0.19540345932036104,
      "MAE": 0.1555204325634017,
      "Adjusted R2 score": -0.07192469443590577,
      "MAPE": 0.9425644811918944,
      "sMAPE": 46.79342052199815
    },
    "1": {
      "MSE": 0.03196224687617285,
      "RMSE": 0.17877988386888735,
      "MAE": 0.1460474927216771,
      "Adjusted R2 score": 0.10545970353659595,
      "MAPE": 0.8547039138750918,
      "sMAPE": 48.00990340729282
    },
    "2": {
      "MSE": 0.03196224687617285,
      "RMSE": 0.17877988386888735,
      "MAE": 0.1460474927216771,
      "Adjusted R2 score": 0.10545970353659595,
      "MAPE": 0.8547039138750918,
      "sMAPE": 48.00990340729282
    },
    "3": {
      "MSE": 0.03196224687617285,
      "RMSE": 0.17877988386888735,
      "MAE": 0.1460474927216771,
      "Adjusted R2 score": 0.10545970353659595,
      "MAPE": 0.8547039138750918,
      "sMAPE": 48.00990340729282
    },
    "4": {
      "MSE": 0.05282770430051924,
      "RMSE": 0.22984278170201308,
      "MAE": 0.18637829318112528,
      "Adjusted R2 score": 0.048451778927439904,
      "MAPE": 0.8678215329734602,
      "sMAPE": 45.382364094277314
    }
  },
  "Multiple_Hyperballs": {
    "0": {
      "MSE": 0.03108418826894086,
      "RMSE": 0.17630708513539908,
      "MAE": 0.14277974390096332,
      "Adjusted R2 score": 0.34391226605474357,
      "MAPE": 0.8855688559567874,
      "sMAPE": 46.21538142669062
    },
    "1": {
      "MSE": 0.04695827117950838,
      "RMSE": 0.21669857216767346,
      "MAE": 0.1741254083559037,
      "Adjusted R2 score": 0.12923036340200889,
      "MAPE": 0.8365010895380316,
      "sMAPE": 43.78187333860937
    },
    "2": {
      "MSE": 0.040854677199947675,
      "RMSE": 0.20212539969026078,
      "MAE": 0.16267012798423722,
      "Adjusted R2 score": 0.25333352059256276,
      "MAPE": 0.7271800248261969,
      "sMAPE": 42.11910125251737
    },
    "3": {
      "MSE": 0.027518103730573708,
      "RMSE": 0.16588581533866514,
      "MAE": 0.13507392808784266,
      "Adjusted R2 score": 0.1991682964888838,
      "MAPE": 0.7332921246132668,
      "sMAPE": 44.58824320455824
    },
    "4": {
      "MSE": 0.028588078443187313,
      "RMSE": 0.16908009475744717,
      "MAE": 0.1343490587643978,
      "Adjusted R2 score": 0.42773714888736014,
      "MAPE": 0.7524754671692481,
      "sMAPE": 41.23020317028103
    }
  },
  "Random_Split": {
    "0": {
      "MSE": 0.02902224626005748,
      "RMSE": 0.17035916840621604,
      "MAE": 0.13640620980699147,
      "Adjusted R2 score": 0.37286206156672086,
      "MAPE": 0.7750053022100146,
      "sMAPE": 42.372006017896204
    },
    "1": {
      "MSE": 0.028673392962683193,
      "RMSE": 0.16933219706447794,
      "MAE": 0.13524367102819196,
      "Adjusted R2 score": 0.3811544732682476,
      "MAPE": 0.7726711685432076,
      "sMAPE": 41.83406350269759
    },
    "2": {
      "MSE": 0.029035605796964556,
      "RMSE": 0.17039837380962458,
      "MAE": 0.1362007102567519,
      "Adjusted R2 score": 0.37926036438886157,
      "MAPE": 0.7717868817732374,
      "sMAPE": 42.05426073587456
    },
    "3": {
      "MSE": 0.02884539956297942,
      "RMSE": 0.1698393345576325,
      "MAE": 0.13614986451530142,
      "Adjusted R2 score": 0.37902735735692106,
      "MAPE": 0.7625712086917127,
      "sMAPE": 42.151668316210596
    },
    "4": {
      "MSE": 0.028572635454551774,
      "RMSE": 0.16903442091642687,
      "MAE": 0.13510556621254036,
      "Adjusted R2 score": 0.37843838965076926,
      "MAPE": 0.7594824448995641,
      "sMAPE": 41.868924372924404
    }
  },
  "Semi_Infinite_Slab": {
    "0": {
      "MSE": 0.03616172127222915,
      "RMSE": 0.19016235503439988,
      "MAE": 0.15353561277001834,
      "Adjusted R2 score": -0.06634867196125271,
      "MAPE": 1.0632853216532823,
      "sMAPE": 48.51826295205199
    },
    "1": {
      "MSE": 0.03586906766227618,
      "RMSE": 0.1893913083071031,
      "MAE": 0.1529641744085587,
      "Adjusted R2 score": -0.0577314490665044,
      "MAPE": 1.0601404535457588,
      "sMAPE": 48.41941269773044
    },
    "2": {
      "MSE": 0.03275453787841124,
      "RMSE": 0.18098214795501583,
      "MAE": 0.1462559335818339,
      "Adjusted R2 score": 0.027944410921267426,
      "MAPE": 1.0471530318788986,
      "sMAPE": 48.586095107768045
    },
    "3": {
      "MSE": 0.03586906766227618,
      "RMSE": 0.1893913083071031,
      "MAE": 0.1529641744085587,
      "Adjusted R2 score": -0.0577314490665044,
      "MAPE": 1.0601404535457588,
      "sMAPE": 48.41941269773044
    },
    "4": {
      "MSE": 0.04268016526446732,
      "RMSE": 0.20659178411656964,
      "MAE": 0.16510782502604138,
      "Adjusted R2 score": 0.20527634266118577,
      "MAPE": 0.8450549171855968,
      "sMAPE": 44.809947012904026
    }
  },
  "Single_Hyperball": {
    "0": {
      "MSE": 0.024618704329764204,
      "RMSE": 0.15690348730912326,
      "MAE": 0.12877426673998968,
      "Adjusted R2 score": 0.17390983979568786,
      "MAPE": 0.9929905618506132,
      "sMAPE": 47.56261085819087
    },
    "1": {
      "MSE": 0.025447053146516928,
      "RMSE": 0.15952132505253624,
      "MAE": 0.13107186277821758,
      "Adjusted R2 score": 0.1520409622396114,
      "MAPE": 1.0222755853684706,
      "sMAPE": 48.681375994004576
    },
    "2": {
      "MSE": 0.02642915449605791,
      "RMSE": 0.16257046009671594,
      "MAE": 0.1338079205268615,
      "Adjusted R2 score": 0.12435839801764292,
      "MAPE": 1.035909625005565,
      "sMAPE": 49.512927214264124
    },
    "3": {
      "MSE": 0.030861320746733867,
      "RMSE": 0.17567390456961407,
      "MAE": 0.13839491534083495,
      "Adjusted R2 score": 0.43228484980523174,
      "MAPE": 0.6965971735392517,
      "sMAPE": 41.83211898859646
    },
    "4": {
      "MSE": 0.023960428675868884,
      "RMSE": 0.15479156526073662,
      "MAE": 0.12725620625939044,
      "Adjusted R2 score": 0.2595197103031347,
      "MAPE": 0.9326618637977578,
      "sMAPE": 45.53923506197858
    }
  },
  "Single_Slab": {
    "0": {
      "MSE": 0.026498902873260708,
      "RMSE": 0.1627848361281256,
      "MAE": 0.1337842568658838,
      "Adjusted R2 score": 0.12331765934036876,
      "MAPE": 1.0209761020568753,
      "sMAPE": 49.08270508438964
    },
    "1": {
      "MSE": 0.024458053701910017,
      "RMSE": 0.15639070848969902,
      "MAE": 0.12811122940290454,
      "Adjusted R2 score": 0.2738855024749173,
      "MAPE": 0.9105953105471689,
      "sMAPE": 44.88679971087229
    },
    "2": {
      "MSE": 0.026198310404158605,
      "RMSE": 0.16185892129925555,
      "MAE": 0.13327370094355317,
      "Adjusted R2 score": 0.12567234653204795,
      "MAPE": 1.0359574810681478,
      "sMAPE": 50.39783336262316
    },
    "3": {
      "MSE": 0.036929445978747505,
      "RMSE": 0.1921703566597812,
      "MAE": 0.15310713772845724,
      "Adjusted R2 score": 0.25245478846990077,
      "MAPE": 0.8605688468304465,
      "sMAPE": 48.22162469788776
    },