{
  "Covariate_Shift": {
    "0": {
      "MSE": 0.03302471362220595,
      "RMSE": 0.1817270305216204,
      "MAE": 0.1482874149939447,
      "Adjusted R2 score": 0.08646677005294123,
      "MAPE": 0.8577456590309094,
      "sMAPE": 47.48333623605765
    },
    "1": {
      "MSE": 0.037015027578846074,
      "RMSE": 0.19239289898238468,
      "MAE": 0.15580142661892976,
      "Adjusted R2 score": 0.1376529115305748,
      "MAPE": 0.800321862184629,
      "sMAPE": 46.980377469824035
    },
    "2": {
      "MSE": 0.037984391403333796,
      "RMSE": 0.1948958475784792,
      "MAE": 0.15605996215618975,
      "Adjusted R2 score": 0.17617228597276502,
      "MAPE": 0.8590542346307734,
      "sMAPE": 46.31841350249543
    },
    "3": {
      "MSE": 0.03171761705678357,
      "RMSE": 0.17809440490027634,
      "MAE": 0.141670213323073,
      "Adjusted R2 score": 0.32274753222731956,
      "MAPE": 0.7287048324850158,
      "sMAPE": 43.589771946237846
    }
  },
  "KMeans_Hyperballs": {
    "0": {
      "MSE": 0.034381531528623256,
      "RMSE": 0.18542257556355768,
      "MAE": 0.14755162621813694,
      "Adjusted R2 score": 0.03478291944973988,
      "MAPE": 0.8963312478398675,
      "sMAPE": 45.52153640282374
    },
    "1": {
      "MSE": 0.0391507755940768,
      "RMSE": 0.19786554928556108,
      "MAE": 0.16076588061415426,
      "Adjusted R2 score": -0.095728549447059,
      "MAPE": 0.8400295374064838,
      "sMAPE": 53.31114290262433
    },
    "2": {
      "MSE": 0.0391507755940768,
      "RMSE": 0.19786554928556108,
      "MAE": 0.16076588061415426,
      "Adjusted R2 score": -0.095728549447059,
      "MAPE": 0.8400295374064838,
      "sMAPE": 53.31114290262433
    },
    "3": {
      "MSE": 0.0391507755940768,
      "RMSE": 0.19786554928556108,
      "MAE": 0.16076588061415426,
      "Adjusted R2 score": -0.095728549447059,
      "MAPE": 0.8400295374064838,
      "sMAPE": 53.31114290262433
    },
    "4": {
      "MSE": 0.0531580073341623,
      "RMSE": 0.23056020327489804,
      "MAE": 0.18626375043566157,
      "Adjusted R2 score": 0.042502263077006885,
      "MAPE": 0.7927282304211178,
      "sMAPE": 46.107801983347464
    }
  },
  "Multiple_Hyperballs": {
    "0": {
      "MSE": 0.03270255830412244,
      "RMSE": 0.1808384867889644,
      "MAE": 0.14363279747507807,
      "Adjusted R2 score": 0.30975365396937915,
      "MAPE": 0.7899914507547979,
      "sMAPE": 46.72727763532827
    },
    "1": {
      "MSE": 0.04709360088520674,
      "RMSE": 0.2170106008590519,
      "MAE": 0.17685716060039353,
      "Adjusted R2 score": 0.12672088007368532,
      "MAPE": 0.735785573477425,
      "sMAPE": 45.209660954788134
    },
    "2": {
      "MSE": 0.04389008213200241,
      "RMSE": 0.20949959936000453,
      "MAE": 0.16852344921903556,
      "Adjusted R2 score": 0.1978579846312558,
      "MAPE": 0.6879389925793663,
      "sMAPE": 43.662627775621985
    },
    "3": {
      "MSE": 0.030039243531094977,
      "RMSE": 0.1733183300493487,
      "MAE": 0.1394297616914668,
      "Adjusted R2 score": 0.12579809987181367,
      "MAPE": 0.6855425572156448,
      "sMAPE": 46.32690243372224
    },
    "4": {
      "MSE": 0.030230454093049735,
      "RMSE": 0.17386907169778568,
      "MAE": 0.1387435019214282,
      "Adjusted R2 score": 0.39486083739073286,
      "MAPE": 0.747194073512341,
      "sMAPE": 42.57756157462724
    }
  },
  "Random_Split": {
    "0": {
      "MSE": 0.029604615974970723,
      "RMSE": 0.17205991972266732,
      "MAE": 0.13670419754527033,
      "Adjusted R2 score": 0.3602777102679272,
      "MAPE": 0.7136795895503432,
      "sMAPE": 42.62195525243337
    },
    "1": {
      "MSE": 0.029829991371435247,
      "RMSE": 0.17271361084591813,
      "MAE": 0.13683370206900614,
      "Adjusted R2 score": 0.3561921065049982,
      "MAPE": 0.7167745847160857,
      "sMAPE": 42.40882069324245
    },
    "2": {
      "MSE": 0.029557030274487923,
      "RMSE": 0.17192158175891684,
      "MAE": 0.13566559320124918,
      "Adjusted R2 score": 0.36811305640982783,
      "MAPE": 0.7054439343344795,
      "sMAPE": 41.99924685490765
    },
    "3": {
      "MSE": 0.029885854593788258,
      "RMSE": 0.17287525732096035,
      "MAE": 0.13705830220987214,
      "Adjusted R2 score": 0.3566288425219296,
      "MAPE": 0.7116959886979465,
      "sMAPE": 42.38973267945617
    },
    "4": {
      "MSE": 0.030175853562569566,
      "RMSE": 0.17371198451048092,
      "MAE": 0.1375871923174594,
      "Adjusted R2 score": 0.34356240383050307,
      "MAPE": 0.719246962817394,
      "sMAPE": 42.53383631202109
    }
  },
  "Semi_Infinite_Slab": {
    "0": {
      "MSE": 0.03510912168623514,
      "RMSE": 0.18737428235015374,
      "MAE": 0.14967059501992847,
      "Adjusted R2 score": -0.035309270872409204,
      "MAPE": 0.9724551308910727,
      "sMAPE": 47.642475384498994
    },
    "1": {
      "MSE": 0.03511459519615675,
      "RMSE": 0.18738888760051048,
      "MAE": 0.14967889151865169,
      "Adjusted R2 score": -0.03548305213622727,
      "MAPE": 0.972399344244236,
      "sMAPE": 47.642719301162714
    },
    "2": {
      "MSE": 0.029964961841296545,
      "RMSE": 0.17310390475461998,
      "MAE": 0.13942860859901673,
      "Adjusted R2 score": 0.1107305881558025,
      "MAPE": 0.9435326830384243,
      "sMAPE": 47.46626255600107
    },
    "3": {
      "MSE": 0.03511459519615675,
      "RMSE": 0.18738888760051048,
      "MAE": 0.14967889151865169,
      "Adjusted R2 score": -0.03548305213622727,
      "MAPE": 0.972399344244236,
      "sMAPE": 47.642719301162714
    },
    "4": {
      "MSE": 0.044467102047256436,
      "RMSE": 0.2108722410542849,
      "MAE": 0.1683287754629414,
      "Adjusted R2 score": 0.1720027851046101,
      "MAPE": 0.7581150949493121,
      "sMAPE": 46.0592915174259
    }
  },
  "Single_Hyperball": {
    "0": {
      "MSE": 0.025622223568930715,
      "RMSE": 0.1600694335872115,
      "MAE": 0.13081175554352037,
      "Adjusted R2 score": 0.14023636299744258,
      "MAPE": 0.9504676996372379,
      "sMAPE": 48.02844605307535
    },
    "1": {
      "MSE": 0.02530718207930976,
      "RMSE": 0.15908231227672598,
      "MAE": 0.12899078910126677,
      "Adjusted R2 score": 0.15670181372903969,
      "MAPE": 0.9231786213818528,
      "sMAPE": 48.091589315511236
    },
    "2": {
      "MSE": 0.028975926093604432,
      "RMSE": 0.17022316556099065,
      "MAE": 0.13958925240199527,
      "Adjusted R2 score": 0.03997964265899412,
      "MAPE": 1.0151313249528464,
      "sMAPE": 50.91978322325508
    },
    "3": {
      "MSE": 0.03457325542732625,
      "RMSE": 0.18593884862321336,
      "MAE": 0.14529319510935734,
      "Adjusted R2 score": 0.3640012668698288,
      "MAPE": 0.6635520336109256,
      "sMAPE": 44.416891362730695
    },
    "4": {
      "MSE": 0.02551533540375016,
      "RMSE": 0.15973520402137456,
      "MAE": 0.13019766045363992,
      "Adjusted R2 score": 0.21146640541912365,
      "MAPE": 0.8967718840878713,
      "sMAPE": 46.235771902405624
    }
  },
  "Single_Slab": {
    "0": {
      "MSE": 0.02910295524837681,
      "RMSE": 0.17059588285880994,
      "MAE": 0.13890748415038678,
      "Adjusted R2 score": 0.03716591402714331,
      "MAPE": 1.0195558251833083,
      "sMAPE": 50.08513464973926
    },
    "1": {
      "MSE": 0.0299990552201346,
      "RMSE": 0.17320235339086648,
      "MAE": 0.14040025561304537,
      "Adjusted R2 score": 0.10938338868337039,
      "MAPE": 0.8979769379704773,
      "sMAPE": 47.639113711718856
    },
    "2": {
      "MSE": 0.02944855488583566,
      "RMSE": 0.17160581250597445,
      "MAE": 0.13993054709618893,
      "Adjusted R2 score": 0.017200518119373953,
      "MAPE": 1.0289212675062394,
      "sMAPE": 51.714619024359166
    },
    "3": {
      "MSE": 0.0404826983170798,
      "RMSE": 0.2012031270062168,
      "MAE": 0.159062337157038,
      "Adjusted R2 score": 0.18052799129002828,
      "MAPE": 0.8107149628299378,
      "sMAPE": 50.53435120912819
    },