{
  "Covariate_Shift": {
    "0": {
      "MSE": 0.037297718870152693,
      "RMSE": 0.19312617344666852,
      "MAE": 0.15531654172033035,
      "Adjusted R2 score": -0.03173356713674358,
      "MAPE": 0.8224008743395919,
      "sMAPE": 50.1126572540606
    },
    "1": {
      "MSE": 0.04182987554728228,
      "RMSE": 0.20452353299139509,
      "MAE": 0.16264526847053828,
      "Adjusted R2 score": 0.02548035895960843,
      "MAPE": 0.8316877364566793,
      "sMAPE": 48.56049959770261
    },
    "2": {
      "MSE": 0.04065449616731893,
      "RMSE": 0.20162960141635683,
      "MAE": 0.15875498314852438,
      "Adjusted R2 score": 0.11826149096831906,
      "MAPE": 0.7941799193227189,
      "sMAPE": 47.56913378810286
    },
    "3": {
      "MSE": 0.03468426936395809,
      "RMSE": 0.18623713207617348,
      "MAE": 0.14629662887983663,
      "Adjusted R2 score": 0.2594018971356141,
      "MAPE": 0.7313977904414605,
      "sMAPE": 44.542573883917626
    }
  },
  "KMeans_Hyperballs": {
    "0": {
      "MSE": 0.038908551680389536,
      "RMSE": 0.19725250741217343,
      "MAE": 0.15562541071649533,
      "Adjusted R2 score": -0.09230732290442356,
      "MAPE": 0.8983551390662075,
      "sMAPE": 47.678727331261825
    },
    "1": {
      "MSE": 0.042033617437511675,
      "RMSE": 0.205021017062914,
      "MAE": 0.16460643524640342,
      "Adjusted R2 score": -0.17641180701884718,
      "MAPE": 0.8368320527630613,
      "sMAPE": 55.15155647779111
    },
    "2": {
      "MSE": 0.042033617437511675,
      "RMSE": 0.205021017062914,
      "MAE": 0.16460643524640342,
      "Adjusted R2 score": -0.17641180701884718,
      "MAPE": 0.8368320527630613,
      "sMAPE": 55.15155647779111
    },
    "3": {
      "MSE": 0.042033617437511675,
      "RMSE": 0.205021017062914,
      "MAE": 0.16460643524640342,
      "Adjusted R2 score": -0.17641180701884718,
      "MAPE": 0.8368320527630613,
      "sMAPE": 55.15155647779111
    },
    "4": {
      "MSE": 0.0583224123109072,
      "RMSE": 0.24150033604719312,
      "MAE": 0.19441418699268337,
      "Adjusted R2 score": -0.050520525506891234,
      "MAPE": 0.8208360192052379,
      "sMAPE": 47.84095337127614
    }
  },
  "Multiple_Hyperballs": {
    "0": {
      "MSE": 0.03845979542971279,
      "RMSE": 0.19611169121118913,
      "MAE": 0.15420306956418262,
      "Adjusted R2 score": 0.18823680344610894,
      "MAPE": 0.8531119631977102,
      "sMAPE": 49.50862389677898
    },
    "1": {
      "MSE": 0.05247593827098754,
      "RMSE": 0.22907627173277362,
      "MAE": 0.18327152347287826,
      "Adjusted R2 score": 0.02691362883251658,
      "MAPE": 0.8196123318975437,
      "sMAPE": 45.88067780234182
    },
    "2": {
      "MSE": 0.04641922346053168,
      "RMSE": 0.2154512090022511,
      "MAE": 0.17098982413120742,
      "Adjusted R2 score": 0.15163500158198062,
      "MAPE": 0.7097245638647931,
      "sMAPE": 44.567333364475736
    },
    "3": {
      "MSE": 0.034864892040234,
      "RMSE": 0.1867214289797344,
      "MAE": 0.150453601868124,
      "Adjusted R2 score": -0.01463789651648506,
      "MAPE": 0.7690325581660146,
      "sMAPE": 49.700336891790386
    },
    "4": {
      "MSE": 0.032673342635413855,
      "RMSE": 0.1807576903907932,
      "MAE": 0.14246500214300784,
      "Adjusted R2 score": 0.34596023132230225,
      "MAPE": 0.6956582242940144,
      "sMAPE": 44.39557258756033
    }
  },
  "Random_Split": {
    "0": {
      "MSE": 0.03632324345836145,
      "RMSE": 0.19058657732999312,
      "MAE": 0.14526495647346302,
      "Adjusted R2 score": 0.2150957642779725,
      "MAPE": 0.7033993063344777,
      "sMAPE": 44.79072314124919
    },
    "1": {
      "MSE": 0.03511815907514578,
      "RMSE": 0.1873983966717586,
      "MAE": 0.14251049582824948,
      "Adjusted R2 score": 0.24205985392130014,
      "MAPE": 0.6873912343293546,
      "sMAPE": 44.0864035704504
    },
    "2": {
      "MSE": 0.03627389461825563,
      "RMSE": 0.19045706765109985,
      "MAE": 0.14460172452979766,
      "Adjusted R2 score": 0.2245161239278578,
      "MAPE": 0.6900772803453635,
      "sMAPE": 44.35948409142472
    },
    "3": {
      "MSE": 0.034540038496414974,
      "RMSE": 0.18584950496682787,
      "MAE": 0.14235376230422858,
      "Adjusted R2 score": 0.25643536553261403,
      "MAPE": 0.6778952470097438,
      "sMAPE": 43.72670112539214
    },
    "4": {
      "MSE": 0.03530424637495488,
      "RMSE": 0.1878942425274252,
      "MAE": 0.14329096842498862,
      "Adjusted R2 score": 0.23200069297467674,
      "MAPE": 0.6888774445883269,
      "sMAPE": 44.32933663545835
    }
  },
  "Semi_Infinite_Slab": {
    "0": {
      "MSE": 0.044712359633541116,
      "RMSE": 0.2114529726287647,
      "MAE": 0.16849228208876083,
      "Adjusted R2 score": -0.3184926944308968,
      "MAPE": 1.0459383531131299,
      "sMAPE": 51.24681872435344
    },
    "1": {
      "MSE": 0.044735954818378436,
      "RMSE": 0.21150875825454235,
      "MAE": 0.16853685837047216,
      "Adjusted R2 score": -0.3192042447532728,
      "MAPE": 1.0440302370459786,
      "sMAPE": 51.27635239867825
    },
    "2": {
      "MSE": 0.04146908748739642,
      "RMSE": 0.20363960196237965,
      "MAE": 0.1652225303311655,
      "Adjusted R2 score": -0.2306770565884677,
      "MAPE": 1.1584793953238304,
      "sMAPE": 52.479064378819515
    },
    "3": {
      "MSE": 0.044735954818378436,
      "RMSE": 0.21150875825454235,
      "MAE": 0.16853685837047216,
      "Adjusted R2 score": -0.3192042447532728,
      "MAPE": 1.0440302370459786,
      "sMAPE": 51.27635239867825
    },
    "4": {
      "MSE": 0.04539667432763513,
      "RMSE": 0.21306495330681471,
      "MAE": 0.17041848356055594,
      "Adjusted R2 score": 0.15469373585783086,
      "MAPE": 0.8812991487011006,
      "sMAPE": 45.608895196479565
    }
  },
  "Single_Hyperball": {
    "0": {
      "MSE": 0.028383276732771884,
      "RMSE": 0.16847337099011192,
      "MAE": 0.13466777540613958,
      "Adjusted R2 score": 0.04758815454999088,
      "MAPE": 0.901499208746208,
      "sMAPE": 49.25069004931794
    },
    "1": {
      "MSE": 0.03042915719831217,
      "RMSE": 0.1744395517029099,
      "MAE": 0.14065764778623668,
      "Adjusted R2 score": -0.013975123531037914,
      "MAPE": 0.9588398906012544,
      "sMAPE": 51.70108140510514
    },
    "2": {
      "MSE": 0.032553375036522364,
      "RMSE": 0.18042553875913012,
      "MAE": 0.145563849262982,
      "Adjusted R2 score": -0.07854715788069,
      "MAPE": 0.995994072621683,
      "sMAPE": 53.1172578851996
    },
    "3": {
      "MSE": 0.0397257109783599,
      "RMSE": 0.19931309785952325,
      "MAE": 0.153853191875556,
      "Adjusted R2 score": 0.26921831506318883,
      "MAPE": 0.6475342389001829,
      "sMAPE": 47.272830421653325
    },
    "4": {
      "MSE": 0.027971574626358627,
      "RMSE": 0.16724704668949653,
      "MAE": 0.13434581179261146,
      "Adjusted R2 score": 0.13555805020035105,
      "MAPE": 0.8553197520800232,
      "sMAPE": 47.50805183414499
    }
  },
  "Single_Slab": {
    "0": {
      "MSE": 0.03265332938772614,
      "RMSE": 0.18070232258531194,
      "MAE": 0.14402412157154307,
      "Adjusted R2 score": -0.08029367762421447,
      "MAPE": 0.9709100464490757,
      "sMAPE": 51.57999508388298
    },
    "1": {
      "MSE": 0.029802895857291928,
      "RMSE": 0.17263515243800126,
      "MAE": 0.13934454970147106,
      "Adjusted R2 score": 0.11520699831810699,
      "MAPE": 0.8612775524777279,
      "sMAPE": 47.97021690743053
    },
    "2": {
      "MSE": 0.03191098028964725,
      "RMSE": 0.178636447259923,
      "MAE": 0.14406982648169678,
      "Adjusted R2 score": -0.06497908018070198,
      "MAPE": 1.0111062481323787,
      "sMAPE": 52.933749925887575
    },
    "3": {
      "MSE": 0.04305510183741302,
      "RMSE": 0.20749723332471934,
      "MAE": 0.1628732254012343,
      "Adjusted R2 score": 0.12845605024723727,
      "MAPE": 0.8159584850197871,
      "sMAPE": 51.798947693964124
    },