{
  "Covariate_Shift": {
    "0": {
      "MSE": 0.0330333303878484,
      "RMSE": 0.18175073696645194,
      "MAE": 0.1466321668160358,
      "Adjusted R2 score": 0.08622841214198118,
      "MAPE": 0.7520821206081932,
      "sMAPE": 48.09108716082107
    },
    "1": {
      "MSE": 0.03575212049811966,
      "RMSE": 0.189082311436368,
      "MAE": 0.15234230468596272,
      "Adjusted R2 score": 0.16707513043212818,
      "MAPE": 0.7976923443243393,
      "sMAPE": 46.28664241142364
    },
    "2": {
      "MSE": 0.0362797644841676,
      "RMSE": 0.19047247697283615,
      "MAE": 0.15157877747056717,
      "Adjusted R2 score": 0.21314323235898813,
      "MAPE": 0.8348817926985103,
      "sMAPE": 45.54492515139181
    },
    "3": {
      "MSE": 0.030733578912083403,
      "RMSE": 0.17530995097849808,
      "MAE": 0.139681665517689,
      "Adjusted R2 score": 0.34375927029980813,
      "MAPE": 0.7204663909434976,
      "sMAPE": 43.09500552108933
    }
  },
  "KMeans_Hyperballs": {
    "0": {
      "MSE": 0.038079149473939096,
      "RMSE": 0.19513879540967524,
      "MAE": 0.1540862459681597,
      "Adjusted R2 score": -0.06902292745375682,
      "MAPE": 0.9010579523289884,
      "sMAPE": 46.812587701706896
    },
    "1": {
      "MSE": 0.040658652000467144,
      "RMSE": 0.20163990676566765,
      "MAE": 0.16272668534393825,
      "Adjusted R2 score": -0.13793009468974105,
      "MAPE": 0.7217191880693599,
      "sMAPE": 55.90411995713561
    },
    "2": {
      "MSE": 0.040658652000467144,
      "RMSE": 0.20163990676566765,
      "MAE": 0.16272668534393825,
      "Adjusted R2 score": -0.13793009468974105,
      "MAPE": 0.7217191880693599,
      "sMAPE": 55.90411995713561
    },
    "3": {
      "MSE": 0.040658652000467144,
      "RMSE": 0.20163990676566765,
      "MAE": 0.16272668534393825,
      "Adjusted R2 score": -0.13793009468974105,
      "MAPE": 0.7217191880693599,
      "sMAPE": 55.90411995713561
    },
    "4": {
      "MSE": 0.051842557855623465,
      "RMSE": 0.22768960858068044,
      "MAE": 0.18439346736609533,
      "Adjusted R2 score": 0.06619652781533192,
      "MAPE": 0.7966446489502194,
      "sMAPE": 45.743986118686934
    }
  },
  "Multiple_Hyperballs": {
    "0": {
      "MSE": 0.03298980314085999,
      "RMSE": 0.18163095314637312,
      "MAE": 0.14353335063612555,
      "Adjusted R2 score": 0.3036908347510655,
      "MAPE": 0.7655011378629157,
      "sMAPE": 46.854773607957036
    },
    "1": {
      "MSE": 0.04765741806691829,
      "RMSE": 0.2183057902734563,
      "MAE": 0.1748024493701289,
      "Adjusted R2 score": 0.11626574895205855,
      "MAPE": 0.8100163147929178,
      "sMAPE": 44.13907524986991
    },
    "2": {
      "MSE": 0.04086366321172743,
      "RMSE": 0.20214762727206922,
      "MAE": 0.16146379577807515,
      "Adjusted R2 score": 0.25316929083383366,
      "MAPE": 0.6808557926864276,
      "sMAPE": 42.15454870113837
    },
    "3": {
      "MSE": 0.03074555107714797,
      "RMSE": 0.175344093362588,
      "MAE": 0.1411227388334417,
      "Adjusted R2 score": 0.10524314154887027,
      "MAPE": 0.6745116332337461,
      "sMAPE": 47.517924545862385
    },
    "4": {
      "MSE": 0.028399510588340563,
      "RMSE": 0.16852154339531952,
      "MAE": 0.13365194241236625,
      "Adjusted R2 score": 0.43151181245760484,
      "MAPE": 0.6579478515305134,
      "sMAPE": 42.30351073307019
    }
  },
  "Random_Split": {
    "0": {
      "MSE": 0.028475660965784105,
      "RMSE": 0.16874732876636628,
      "MAE": 0.1330546977148965,
      "Adjusted R2 score": 0.3846731519818801,
      "MAPE": 0.6983815114070034,
      "sMAPE": 41.73242078351347
    },
    "1": {
      "MSE": 0.02849914043856642,
      "RMSE": 0.16881688434089293,
      "MAE": 0.13289380125556327,
      "Adjusted R2 score": 0.3849152906647699,
      "MAPE": 0.6938151396129485,
      "sMAPE": 41.43799567869883
    },
    "2": {
      "MSE": 0.02867541138293801,
      "RMSE": 0.16933815690191625,
      "MAE": 0.1330466610530999,
      "Adjusted R2 score": 0.38696080469912986,
      "MAPE": 0.6893566915199304,
      "sMAPE": 41.45145598300287
    },
    "3": {
      "MSE": 0.028063251561376606,
      "RMSE": 0.1675208988794431,
      "MAE": 0.13233222325095612,
      "Adjusted R2 score": 0.3958651380377839,
      "MAPE": 0.6816114046908649,
      "sMAPE": 41.34166017254601
    },
    "4": {
      "MSE": 0.028201882044033396,
      "RMSE": 0.16793415984853527,
      "MAE": 0.1325631416206079,
      "Adjusted R2 score": 0.3865036620072806,
      "MAPE": 0.6904456309984125,
      "sMAPE": 41.44591928937835
    }
  },
  "Semi_Infinite_Slab": {
    "0": {
      "MSE": 0.034898517785972596,
      "RMSE": 0.1868114498256801,
      "MAE": 0.14952763240540093,
      "Adjusted R2 score": -0.029098914134570997,
      "MAPE": 0.9789181617920676,
      "sMAPE": 47.73664337877867
    },
    "1": {
      "MSE": 0.03528464597957018,
      "RMSE": 0.18784207723396315,
      "MAE": 0.1502220473113418,
      "Adjusted R2 score": -0.040497625228796075,
      "MAPE": 0.9785739371494414,
      "sMAPE": 47.800185781075
    },
    "2": {
      "MSE": 0.03248629238660513,
      "RMSE": 0.18023954168440712,
      "MAE": 0.14424554268877904,
      "Adjusted R2 score": 0.03590512557165393,
      "MAPE": 0.9986100746459269,
      "sMAPE": 48.359511766273144
    },
    "3": {
      "MSE": 0.03528464597957018,
      "RMSE": 0.18784207723396315,
      "MAE": 0.1502220473113418,
      "Adjusted R2 score": -0.040497625228796075,
      "MAPE": 0.9785739371494414,
      "sMAPE": 47.800185781075
    },
    "4": {
      "MSE": 0.04237267253348202,
      "RMSE": 0.20584623516956055,
      "MAE": 0.16377193938245824,
      "Adjusted R2 score": 0.21100199405591424,
      "MAPE": 0.7945636321663281,
      "sMAPE": 44.904839499767505
    }
  },
  "Single_Hyperball": {
    "0": {
      "MSE": 0.027480849648065762,
      "RMSE": 0.16577348897838207,
      "MAE": 0.13444756723405932,
      "Adjusted R2 score": 0.07786944494577719,
      "MAPE": 0.9492682037081223,
      "sMAPE": 48.82500141423903
    },
    "1": {
      "MSE": 0.02434924858593247,
      "RMSE": 0.15604245763872238,
      "MAE": 0.12556152145588562,
      "Adjusted R2 score": 0.18862253785397987,
      "MAPE": 0.8469527715652263,
      "sMAPE": 47.902912890615056
    },
    "2": {
      "MSE": 0.02518878369376054,
      "RMSE": 0.15870974668797294,
      "MAE": 0.12733844850915846,
      "Adjusted R2 score": 0.1654539342572835,
      "MAPE": 0.8281906809939235,
      "sMAPE": 48.56173275992591
    },
    "3": {
      "MSE": 0.03460719542389402,
      "RMSE": 0.18603009279117724,
      "MAE": 0.1442952455483377,
      "Adjusted R2 score": 0.36337691736751143,
      "MAPE": 0.615778180706214,
      "sMAPE": 44.61974596309224
    },
    "4": {
      "MSE": 0.026357852926777565,
      "RMSE": 0.16235101763394513,
      "MAE": 0.131487708237047,
      "Adjusted R2 score": 0.18542899064806273,
      "MAPE": 0.871130954956938,
      "sMAPE": 46.60918826114616
    }
  },
  "Single_Slab": {
    "0": {
      "MSE": 0.0283989546464265,
      "RMSE": 0.16851989391886793,
      "MAE": 0.13606034397686992,
      "Adjusted R2 score": 0.060456874354650636,
      "MAPE": 0.9054166356156316,
      "sMAPE": 49.87795394470347
    },
    "1": {
      "MSE": 0.024782278464541736,
      "RMSE": 0.15742388149369757,
      "MAE": 0.1268649624082225,
      "Adjusted R2 score": 0.2642598673580421,
      "MAPE": 0.7893745703439622,
      "sMAPE": 44.92574542598471
    },
    "2": {
      "MSE": 0.02514799811776925,
      "RMSE": 0.15858120354496383,
      "MAE": 0.12646153917197628,
      "Adjusted R2 score": 0.16072487711896666,
      "MAPE": 0.8065742167943989,
      "sMAPE": 49.23866854767354
    },
    "3": {
      "MSE": 0.04015773487906445,
      "RMSE": 0.20039394920771547,
      "MAE": 0.15805879176647658,
      "Adjusted R2 score": 0.1871060716151577,
      "MAPE": 0.7797733690438085,
      "sMAPE": 50.52891197469675
    },