{
  "Covariate_Shift": {
    "0": {
      "MSE": 0.027837263620542528,
      "RMSE": 0.16684502875585633,
      "MAE": 0.13507904704057172,
      "Adjusted R2 score": 0.229962577750786,
      "MAPE": 0.7532521077534978,
      "sMAPE": 44.20760263863604
    },
    "1": {
      "MSE": 0.0342838019107319,
      "RMSE": 0.18515885587984146,
      "MAE": 0.14924380382638097,
      "Adjusted R2 score": 0.2012828655494997,
      "MAPE": 0.7868101169216578,
      "sMAPE": 45.424258484624005
    },
    "2": {
      "MSE": 0.03462106626610057,
      "RMSE": 0.1860673702348173,
      "MAE": 0.14906926561056505,
      "Adjusted R2 score": 0.2491180501924859,
      "MAPE": 0.8335210625396975,
      "sMAPE": 44.935765084842124
    },
    "3": {
      "MSE": 0.030863948310295857,
      "RMSE": 0.17568138293597263,
      "MAE": 0.14103017914365715,
      "Adjusted R2 score": 0.34097554930010776,
      "MAPE": 0.7312279274219557,
      "sMAPE": 43.38667420330013
    }
  },
  "KMeans_Hyperballs": {
    "0": {
      "MSE": 0.033545613794368274,
      "RMSE": 0.18315461718004347,
      "MAE": 0.14737006759034307,
      "Adjusted R2 score": 0.058250229926181785,
      "MAPE": 0.900143008721327,
      "sMAPE": 45.348045382437654
    },
    "1": {
      "MSE": 0.026919157820228846,
      "RMSE": 0.16407058791943438,
      "MAE": 0.13206838411905283,
      "Adjusted R2 score": 0.24660267125951074,
      "MAPE": 0.741577841612784,
      "sMAPE": 44.71422512992314
    },
    "2": {
      "MSE": 0.026919157820228846,
      "RMSE": 0.16407058791943438,
      "MAE": 0.13206838411905283,
      "Adjusted R2 score": 0.24660267125951074,
      "MAPE": 0.741577841612784,
      "sMAPE": 44.71422512992314
    },
    "3": {
      "MSE": 0.026919157820228846,
      "RMSE": 0.16407058791943438,
      "MAE": 0.13206838411905283,
      "Adjusted R2 score": 0.24660267125951074,
      "MAPE": 0.741577841612784,
      "sMAPE": 44.71422512992314
    },
    "4": {
      "MSE": 0.04404388846340976,
      "RMSE": 0.20986635857947733,
      "MAE": 0.17159470087076198,
      "Adjusted R2 score": 0.20666846550695406,
      "MAPE": 0.7883573214762231,
      "sMAPE": 42.77811231514888
    }
  },
  "Multiple_Hyperballs": {
    "0": {
      "MSE": 0.04273582219930087,
      "RMSE": 0.20672644291261064,
      "MAE": 0.16708860761974553,
      "Adjusted R2 score": 0.09798356314028156,
      "MAPE": 0.9436462421460903,
      "sMAPE": 51.3075843909438
    },
    "1": {
      "MSE": 0.04125729899446172,
      "RMSE": 0.2031189282033108,
      "MAE": 0.1643057316641241,
      "Adjusted R2 score": 0.23494621181668873,
      "MAPE": 0.7426265335193101,
      "sMAPE": 42.377498618050595
    },
    "2": {
      "MSE": 0.03775345106598909,
      "RMSE": 0.19430247313400076,
      "MAE": 0.15620632840164153,
      "Adjusted R2 score": 0.31001201514917043,
      "MAPE": 0.7338829900461187,
      "sMAPE": 40.5103130150925
    },
    "3": {
      "MSE": 0.025636401008207767,
      "RMSE": 0.16011371274256234,
      "MAE": 0.12872479047445337,
      "Adjusted R2 score": 0.2539295987722081,
      "MAPE": 0.6813522135457353,
      "sMAPE": 42.94274300328142
    },
    "4": {
      "MSE": 0.02997017870919279,
      "RMSE": 0.1731189727014136,
      "MAE": 0.13695753512162676,
      "Adjusted R2 score": 0.4000709089083554,
      "MAPE": 0.7043155748727258,
      "sMAPE": 41.204662824234425
    }
  },
  "Random_Split": {
    "0": {
      "MSE": 0.029728247856277146,
      "RMSE": 0.17241881526178385,
      "MAE": 0.13766929148356483,
      "Adjusted R2 score": 0.3576061650514617,
      "MAPE": 0.7389581871203388,
      "sMAPE": 42.8380224727124
    },
    "1": {
      "MSE": 0.029545825054543073,
      "RMSE": 0.17188899049835354,
      "MAE": 0.1371338459703347,
      "Adjusted R2 score": 0.36232514608930644,
      "MAPE": 0.7583164532674718,
      "sMAPE": 42.36591810787249
    },
    "2": {
      "MSE": 0.02977422973946305,
      "RMSE": 0.1725521073167843,
      "MAE": 0.1369729310014082,
      "Adjusted R2 score": 0.363469643157617,
      "MAPE": 0.7233494534823455,
      "sMAPE": 42.37056125327729
    },
    "3": {
      "MSE": 0.02957752972741369,
      "RMSE": 0.1719811900395322,
      "MAE": 0.1372299511588645,
      "Adjusted R2 score": 0.3632663413940518,
      "MAPE": 0.7316750548326649,
      "sMAPE": 42.33421012475134
    },
    "4": {
      "MSE": 0.029248919570258974,
      "RMSE": 0.17102315507047278,
      "MAE": 0.13653333015450736,
      "Adjusted R2 score": 0.363726682546215,
      "MAPE": 0.7114921499778594,
      "sMAPE": 42.61633839678446
    }
  },
  "Semi_Infinite_Slab": {
    "0": {
      "MSE": 0.03622511658663191,
      "RMSE": 0.1903289693836225,
      "MAE": 0.15129606757401676,
      "Adjusted R2 score": -0.0682180937405159,
      "MAPE": 0.8717469903512071,
      "sMAPE": 49.980820764685774
    },
    "1": {
      "MSE": 0.03422441725474593,
      "RMSE": 0.1849984250061225,
      "MAE": 0.1481159667585221,
      "Adjusted R2 score": -0.009232879905356484,
      "MAPE": 0.8452931614528237,
      "sMAPE": 49.49271177300525
    },
    "2": {
      "MSE": 0.026409784778309003,
      "RMSE": 0.16251087587699786,
      "MAE": 0.130978969049375,
      "Adjusted R2 score": 0.21623748759886618,
      "MAPE": 0.800817381278519,
      "sMAPE": 46.877482489630516
    },
    "3": {
      "MSE": 0.03422441725474593,
      "RMSE": 0.1849984250061225,
      "MAE": 0.1481159667585221,
      "Adjusted R2 score": -0.009232879905356484,
      "MAPE": 0.8452931614528237,
      "sMAPE": 49.49271177300525
    },
    "4": {
      "MSE": 0.04345985563740469,
      "RMSE": 0.20847027518906547,
      "MAE": 0.16788184426455813,
      "Adjusted R2 score": 0.19075816118430855,
      "MAPE": 0.823549788154397,
      "sMAPE": 45.60168539741295
    }
  },
  "Single_Hyperball": {
    "0": {
      "MSE": 0.019784250735455804,
      "RMSE": 0.14065649908715844,
      "MAE": 0.11346253715877297,
      "Adjusted R2 score": 0.3361318028497763,
      "MAPE": 0.7603189721190209,
      "sMAPE": 44.2329437983929
    },
    "1": {
      "MSE": 0.021157504396536762,
      "RMSE": 0.14545619408102484,
      "MAE": 0.11592787206341894,
      "Adjusted R2 score": 0.29497938459903184,
      "MAPE": 0.7548288537739306,
      "sMAPE": 45.587704906344875
    },
    "2": {
      "MSE": 0.02231070407273976,
      "RMSE": 0.14936768081730317,
      "MAE": 0.12004159824866784,
      "Adjusted R2 score": 0.2608094724134252,
      "MAPE": 0.7725758662747528,
      "sMAPE": 47.46260189868695
    },
    "3": {
      "MSE": 0.03333513383042126,
      "RMSE": 0.18257911663282103,
      "MAE": 0.1438211505700116,
      "Adjusted R2 score": 0.3867773623621349,
      "MAPE": 0.6717935925399013,
      "sMAPE": 44.685284719358236
    },
    "4": {
      "MSE": 0.020144647039884056,
      "RMSE": 0.1419318394155591,
      "MAE": 0.11364268328413646,
      "Adjusted R2 score": 0.3774437729088954,
      "MAPE": 0.6809758414360508,
      "sMAPE": 42.90432087883646
    }
  },
  "Single_Slab": {
    "0": {
      "MSE": 0.02301889209130967,
      "RMSE": 0.15171978147660795,
      "MAE": 0.12275486448436657,
      "Adjusted R2 score": 0.2384493692241063,
      "MAPE": 0.8508449783407783,
      "sMAPE": 47.12619150424955
    },
    "1": {
      "MSE": 0.021902261399980638,
      "RMSE": 0.1479941262347281,
      "MAE": 0.11941417503971456,
      "Adjusted R2 score": 0.34976226134183386,
      "MAPE": 0.7796931979871626,
      "sMAPE": 42.740981840176545
    },
    "2": {
      "MSE": 0.0231448657148158,
      "RMSE": 0.1521343673034328,
      "MAE": 0.12231689588955104,
      "Adjusted R2 score": 0.2275762895360781,
      "MAPE": 0.8311372401285482,
      "sMAPE": 48.443316289202194
    },
    "3": {
      "MSE": 0.0343393667847798,
      "RMSE": 0.18530884162602657,
      "MAE": 0.1463177950388754,
      "Adjusted R2 score": 0.3048845297676327,
      "MAPE": 0.8278829717975309,
      "sMAPE": 47.26594170546184
    },
    "4": {
      "MSE": 0.02204630177802921,