{
  "Covariate_Shift": {
    "0": {
      "MSE": 0.030037225562285354,
      "RMSE": 0.17331250838380174,
      "MAE": 0.14023126039386166,
      "Adjusted R2 score": 0.16910699058682732,
      "MAPE": 0.7067775190501964,
      "sMAPE": 45.87074653196221
    },
    "1": {
      "MSE": 0.035305894431401676,
      "RMSE": 0.18789862807216468,
      "MAE": 0.15252452179629125,
      "Adjusted R2 score": 0.1774709554416799,
      "MAPE": 0.7551411629859772,
      "sMAPE": 46.61008868339264
    },
    "2": {
      "MSE": 0.034808290853489736,
      "RMSE": 0.18656980155826328,
      "MAE": 0.14851892875502348,
      "Adjusted R2 score": 0.24505741375367307,
      "MAPE": 0.8687057887816394,
      "sMAPE": 44.62440351376935
    },
    "3": {
      "MSE": 0.030482585551679413,
      "RMSE": 0.17459262742647358,
      "MAE": 0.1403679696622378,
      "Adjusted R2 score": 0.3491186222468299,
      "MAPE": 0.7280099422459816,
      "sMAPE": 43.24236512748873
    }
  },
  "KMeans_Hyperballs": {
    "0": {
      "MSE": 0.027066093234790863,
      "RMSE": 0.16451775963339296,
      "MAE": 0.1336324741331765,
      "Adjusted R2 score": 0.24015439881621536,
      "MAPE": 0.8060848824610091,
      "sMAPE": 43.191238028396135
    },
    "1": {
      "MSE": 0.03346427549320115,
      "RMSE": 0.18293243422969352,
      "MAE": 0.1477241557318065,
      "Adjusted R2 score": 0.06342182273370867,
      "MAPE": 0.645843674503554,
      "sMAPE": 49.80019077704873
    },
    "2": {
      "MSE": 0.03346427549320115,
      "RMSE": 0.18293243422969352,
      "MAE": 0.1477241557318065,
      "Adjusted R2 score": 0.06342182273370867,
      "MAPE": 0.645843674503554,
      "sMAPE": 49.80019077704873
    },
    "3": {
      "MSE": 0.03346427549320115,
      "RMSE": 0.18293243422969352,
      "MAE": 0.1477241557318065,
      "Adjusted R2 score": 0.06342182273370867,
      "MAPE": 0.645843674503554,
      "sMAPE": 49.80019077704873
    },
    "4": {
      "MSE": 0.04350365416309314,
      "RMSE": 0.20857529614768172,
      "MAE": 0.16887372351027083,
      "Adjusted R2 score": 0.21639932536988415,
      "MAPE": 0.7215149907528139,
      "sMAPE": 42.93201162168208
    }
  },
  "Multiple_Hyperballs": {
    "0": {
      "MSE": 0.029660075976566603,
      "RMSE": 0.17222100910332225,
      "MAE": 0.13781354316224934,
      "Adjusted R2 score": 0.373970718883026,
      "MAPE": 0.8217681356676934,
      "sMAPE": 45.09991784422967
    },
    "1": {
      "MSE": 0.042311658325122736,
      "RMSE": 0.2056979784176858,
      "MAE": 0.16578481128925682,
      "Adjusted R2 score": 0.2153947234815723,
      "MAPE": 0.6994217849711463,
      "sMAPE": 42.797988508533386
    },
    "2": {
      "MSE": 0.040197992500561185,
      "RMSE": 0.20049437024655128,
      "MAE": 0.16042690653333994,
      "Adjusted R2 score": 0.26533519301239206,
      "MAPE": 0.6715822368199537,
      "sMAPE": 41.75275502495046
    },
    "3": {
      "MSE": 0.026908898415237876,
      "RMSE": 0.16403931972316232,
      "MAE": 0.13280848516073862,
      "Adjusted R2 score": 0.21689738622722854,
      "MAPE": 0.6772933609354026,
      "sMAPE": 44.18592486538145
    },
    "4": {
      "MSE": 0.02706094125679455,
      "RMSE": 0.16450210107106397,
      "MAE": 0.13056647411786013,
      "Adjusted R2 score": 0.4583066704472647,
      "MAPE": 0.7146431829434143,
      "sMAPE": 40.665985506896824
    }
  },
  "Random_Split": {
    "0": {
      "MSE": 0.02890913409980554,
      "RMSE": 0.17002686287703345,
      "MAE": 0.13558147341756324,
      "Adjusted R2 score": 0.3753062875014228,
      "MAPE": 0.7406501962097858,
      "sMAPE": 42.31191852002078
    },
    "1": {
      "MSE": 0.028807866804431904,
      "RMSE": 0.1697288036970505,
      "MAE": 0.1353583372189816,
      "Adjusted R2 score": 0.3782521820906066,
      "MAPE": 0.7397004245301915,
      "sMAPE": 42.06001407653927
    },
    "2": {
      "MSE": 0.029012734037927392,
      "RMSE": 0.1703312479785415,
      "MAE": 0.13541888105181926,
      "Adjusted R2 score": 0.3797493298153036,
      "MAPE": 0.7344158614099273,
      "sMAPE": 42.038914993142036
    },
    "3": {
      "MSE": 0.028762274180108044,
      "RMSE": 0.16959444029834245,
      "MAE": 0.13549443064288197,
      "Adjusted R2 score": 0.3808168485567104,
      "MAPE": 0.7274622799442109,
      "sMAPE": 42.132746379652275
    },
    "4": {
      "MSE": 0.028531862324208283,
      "RMSE": 0.16891377186069903,
      "MAE": 0.13463590089748015,
      "Adjusted R2 score": 0.37932535762387043,
      "MAPE": 0.7294880188408028,
      "sMAPE": 41.872904054273334
    }
  },
  "Semi_Infinite_Slab": {
    "0": {
      "MSE": 0.028426295272738777,
      "RMSE": 0.16860099428158418,
      "MAE": 0.13704507564410723,
      "Adjusted R2 score": 0.1617561015785447,
      "MAPE": 0.9265601426039309,
      "sMAPE": 45.680095848144326
    },
    "1": {
      "MSE": 0.028486497184010546,
      "RMSE": 0.16877943353385966,
      "MAE": 0.13714430075062262,
      "Adjusted R2 score": 0.1599708074664713,
      "MAPE": 0.9275125911954,
      "sMAPE": 45.68301590644189
    },
    "2": {
      "MSE": 0.028631008920453654,
      "RMSE": 0.1692070002111427,
      "MAE": 0.13828699565616687,
      "Adjusted R2 score": 0.15031827512261764,
      "MAPE": 0.9791401372560293,
      "sMAPE": 47.356515745631505
    },
    "3": {
      "MSE": 0.028486497184010546,
      "RMSE": 0.16877943353385966,
      "MAE": 0.13714430075062262,
      "Adjusted R2 score": 0.1599708074664713,
      "MAPE": 0.9275125911954,
      "sMAPE": 45.68301590644189
    },
    "4": {
      "MSE": 0.040912433605909425,
      "RMSE": 0.20226822193787491,
      "MAE": 0.1621609097154077,
      "Adjusted R2 score": 0.23819229226394745,
      "MAPE": 0.7395900795360899,
      "sMAPE": 44.78751140351882
    }
  },
  "Single_Hyperball": {
    "0": {
      "MSE": 0.021228273666841962,
      "RMSE": 0.1456992576056651,
      "MAE": 0.11923846329908959,
      "Adjusted R2 score": 0.28767705402348354,
      "MAPE": 0.896487092642789,
      "sMAPE": 45.320256684675016
    },
    "1": {
      "MSE": 0.02183284021838121,
      "RMSE": 0.1477593997632002,
      "MAE": 0.1210314209408116,
      "Adjusted R2 score": 0.27247551704473627,
      "MAPE": 0.9109936210317571,
      "sMAPE": 46.350667678889025
    },
    "2": {
      "MSE": 0.023525950327654675,
      "RMSE": 0.15338171445010867,
      "MAE": 0.1261066168498427,
      "Adjusted R2 score": 0.22054635398428757,
      "MAPE": 0.9633659536672959,
      "sMAPE": 47.72683745203865
    },
    "3": {
      "MSE": 0.03212913910070527,
      "RMSE": 0.17924602952563629,
      "MAE": 0.13971074338908962,
      "Adjusted R2 score": 0.40896246210992426,
      "MAPE": 0.6956639573392331,
      "sMAPE": 42.33805026675656
    },
    "4": {
      "MSE": 0.020876125961115183,
      "RMSE": 0.14448572926457195,
      "MAE": 0.11864200948421355,
      "Adjusted R2 score": 0.3548379284631371,
      "MAPE": 0.8451760552586697,
      "sMAPE": 43.50351030695181
    }
  },
  "Single_Slab": {
    "0": {
      "MSE": 0.02388219005018726,
      "RMSE": 0.1545386361082149,
      "MAE": 0.12704383198738492,
      "Adjusted R2 score": 0.20988825939645406,
      "MAPE": 0.9640598602961988,
      "sMAPE": 47.49814500886637
    },
    "1": {
      "MSE": 0.021781649628343037,
      "RMSE": 0.1475860753199401,
      "MAE": 0.12034864753621234,
      "Adjusted R2 score": 0.3533430023535933,
      "MAPE": 0.8326013118345693,
      "sMAPE": 43.0072613041063
    },
    "2": {
      "MSE": 0.024588189892820442,
      "RMSE": 0.15680621764719804,
      "MAE": 0.12910557966584393,
      "Adjusted R2 score": 0.17940760146877277,
      "MAPE": 1.014347367154096,
      "sMAPE": 49.37408908268895
    },
    "3": {
      "MSE": 0.035476302804236526,
      "RMSE": 0.18835154048808977,
      "MAE": 0.14948260958355913,
      "Adjusted R2 score": 0.28187007464555813,
      "MAPE": 0.8391405594020737,
      "sMAPE": 47.68079940404983
    },