{
  "Covariate_Shift": {
    "0": {
      "MSE": 0.02778376458083642,
      "RMSE": 0.16668462610821796,
      "MAE": 0.1352041713869988,
      "Adjusted R2 score": 0.2314424740218297,
      "MAPE": 0.7586537024579215,
      "sMAPE": 44.213373300812606
    },
    "1": {
      "MSE": 0.03424819415913281,
      "RMSE": 0.18506267629949807,
      "MAE": 0.14864771210396896,
      "Adjusted R2 score": 0.20211242702566012,
      "MAPE": 0.7724385961182302,
      "sMAPE": 45.40424179825985
    },
    "2": {
      "MSE": 0.033574232387863896,
      "RMSE": 0.183232727392963,
      "MAE": 0.14612169508378683,
      "Adjusted R2 score": 0.2718223960833166,
      "MAPE": 0.7878709461665413,
      "sMAPE": 44.3744354211873
    },
    "3": {
      "MSE": 0.029626767499986866,
      "RMSE": 0.17212427922866333,
      "MAE": 0.1376146763691566,
      "Adjusted R2 score": 0.36739253249789083,
      "MAPE": 0.724436007249065,
      "sMAPE": 42.535014175676785
    }
  },
  "KMeans_Hyperballs": {
    "0": {
      "MSE": 0.036462596047981875,
      "RMSE": 0.19095181603740216,
      "MAE": 0.1520984697837426,
      "Adjusted R2 score": -0.023640278427288886,
      "MAPE": 0.877229598255301,
      "sMAPE": 46.356745904816634
    },
    "1": {
      "MSE": 0.041035478710330135,
      "RMSE": 0.20257215679932455,
      "MAE": 0.16221370232618154,
      "Adjusted R2 score": -0.1484764958254967,
      "MAPE": 0.6644228124930401,
      "sMAPE": 56.933401897988404
    },
    "2": {
      "MSE": 0.041035478710330135,
      "RMSE": 0.20257215679932455,
      "MAE": 0.16221370232618154,
      "Adjusted R2 score": -0.1484764958254967,
      "MAPE": 0.6644228124930401,
      "sMAPE": 56.933401897988404
    },
    "3": {
      "MSE": 0.041035478710330135,
      "RMSE": 0.20257215679932455,
      "MAE": 0.16221370232618154,
      "Adjusted R2 score": -0.1484764958254967,
      "MAPE": 0.6644228124930401,
      "sMAPE": 56.933401897988404
    },
    "4": {
      "MSE": 0.05201700724700235,
      "RMSE": 0.22807237282714088,
      "MAE": 0.18499600832295132,
      "Adjusted R2 score": 0.06305429382595651,
      "MAPE": 0.8148035576339776,
      "sMAPE": 45.571297539351704
    }
  },
  "Multiple_Hyperballs": {
    "0": {
      "MSE": 0.033206179149378075,
      "RMSE": 0.18222562703796102,
      "MAE": 0.14130530703464117,
      "Adjusted R2 score": 0.2991238296911135,
      "MAPE": 0.6734018325139557,
      "sMAPE": 46.613390983329815
    },
    "1": {
      "MSE": 0.04803546751394069,
      "RMSE": 0.2191699512112477,
      "MAE": 0.1755154866530699,
      "Adjusted R2 score": 0.10925539760540548,
      "MAPE": 0.8286806746120094,
      "sMAPE": 43.850668944186424
    },
    "2": {
      "MSE": 0.04273280077611379,
      "RMSE": 0.20671913500233546,
      "MAE": 0.1651718573395995,
      "Adjusted R2 score": 0.21900863995172748,
      "MAPE": 0.6615266999978758,
      "sMAPE": 43.00719461147205
    },
    "3": {
      "MSE": 0.02899412097017441,
      "RMSE": 0.17027660135842038,
      "MAE": 0.1370890784640059,
      "Adjusted R2 score": 0.15621325089510207,
      "MAPE": 0.6668051447100978,
      "sMAPE": 45.84700960644407
    },
    "4": {
      "MSE": 0.028626547336107755,
      "RMSE": 0.16919381589203475,
      "MAE": 0.13355756642327296,
      "Adjusted R2 score": 0.42696709648997533,
      "MAPE": 0.6149222578198624,
      "sMAPE": 42.285868795881306
    }
  },
  "Random_Split": {
    "0": {
      "MSE": 0.02820066750656892,
      "RMSE": 0.1679305436975922,
      "MAE": 0.13286400105372587,
      "Adjusted R2 score": 0.3906154498160831,
      "MAPE": 0.7106291617445731,
      "sMAPE": 41.708316724241826
    },
    "1": {
      "MSE": 0.02807536766148687,
      "RMSE": 0.16755705792799916,
      "MAE": 0.13275426402686083,
      "Adjusted R2 score": 0.39406139652631467,
      "MAPE": 0.7077396676173044,
      "sMAPE": 41.43996319257041
    },
    "2": {
      "MSE": 0.028444646485220847,
      "RMSE": 0.168655407518469,
      "MAE": 0.13316661282414285,
      "Adjusted R2 score": 0.3918942274602203,
      "MAPE": 0.7025796035693235,
      "sMAPE": 41.487963997309976
    },
    "3": {
      "MSE": 0.02807980102010623,
      "RMSE": 0.16757028680558564,
      "MAE": 0.13307581632644352,
      "Adjusted R2 score": 0.395508867669637,
      "MAPE": 0.6978565553214545,
      "sMAPE": 41.58349091983216
    },
    "4": {
      "MSE": 0.02789246624988672,
      "RMSE": 0.16701037767122953,
      "MAE": 0.13230909799608184,
      "Adjusted R2 score": 0.39323461196053944,
      "MAPE": 0.700179083435436,
      "sMAPE": 41.327548857657945
    }
  },
  "Semi_Infinite_Slab": {
    "0": {
      "MSE": 0.03569213683243186,
      "RMSE": 0.1889236269830533,
      "MAE": 0.15084494174041388,
      "Adjusted R2 score": -0.052501412313906926,
      "MAPE": 0.9901896531706301,
      "sMAPE": 47.64559738061261
    },
    "1": {
      "MSE": 0.03416623208324327,
      "RMSE": 0.18484109955105565,
      "MAE": 0.1477246346272905,
      "Adjusted R2 score": -0.007517076016971158,
      "MAPE": 0.9705385056863376,
      "sMAPE": 47.172963503843434
    },
    "2": {
      "MSE": 0.02675571742301483,
      "RMSE": 0.16357175007627334,
      "MAE": 0.13141854275050852,
      "Adjusted R2 score": 0.20597125328411725,
      "MAPE": 0.8699460586777548,
      "sMAPE": 46.1223124431889
    },
    "3": {
      "MSE": 0.03416623208324327,
      "RMSE": 0.18484109955105565,
      "MAE": 0.1477246346272905,
      "Adjusted R2 score": -0.007517076016971158,
      "MAPE": 0.9705385056863376,
      "sMAPE": 47.172963503843434
    },
    "4": {
      "MSE": 0.04533315616799395,
      "RMSE": 0.21291584292389787,
      "MAE": 0.1713389883277801,
      "Adjusted R2 score": 0.15587647223723977,
      "MAPE": 0.9599753217509984,
      "sMAPE": 45.49943588402749
    }
  },
  "Single_Hyperball": {
    "0": {
      "MSE": 0.023402943152204342,
      "RMSE": 0.1529802050992361,
      "MAE": 0.12288392671963898,
      "Adjusted R2 score": 0.2147051770517744,
      "MAPE": 0.8336397400262868,
      "sMAPE": 46.126563258013135
    },
    "1": {
      "MSE": 0.02250279972285336,
      "RMSE": 0.15000933211921638,
      "MAE": 0.11963002799678954,
      "Adjusted R2 score": 0.2501508017435309,
      "MAPE": 0.7619933749874289,
      "sMAPE": 46.41984878192592
    },
    "2": {
      "MSE": 0.02997571887490716,
      "RMSE": 0.17313497299767935,
      "MAE": 0.13573308622743635,
      "Adjusted R2 score": 0.006854854168280355,
      "MAPE": 0.6024432961706802,
      "sMAPE": 58.16086109638744
    },
    "3": {
      "MSE": 0.034715102885389974,
      "RMSE": 0.18631989396033363,
      "MAE": 0.14309828290805945,
      "Adjusted R2 score": 0.3613918856440459,
      "MAPE": 0.5868381919335092,
      "sMAPE": 44.27684369999845
    },
    "4": {
      "MSE": 0.022787259013306915,
      "RMSE": 0.15095449318687706,
      "MAE": 0.1217040843101657,
      "Adjusted R2 score": 0.2957756981800277,
      "MAPE": 0.7762919156151009,
      "sMAPE": 44.18021686895239
    }
  },
  "Single_Slab": {
    "0": {
      "MSE": 0.02581711039451909,
      "RMSE": 0.16067703754587676,
      "MAE": 0.1285174678685751,
      "Adjusted R2 score": 0.14587389228956293,
      "MAPE": 0.8216573841750086,
      "sMAPE": 48.108207094701875
    },
    "1": {
      "MSE": 0.022396233268011115,
      "RMSE": 0.1496537111735326,
      "MAE": 0.11909831011254861,
      "Adjusted R2 score": 0.33509714779199873,
      "MAPE": 0.6245055509000499,
      "sMAPE": 44.06273893478769
    },
    "2": {
      "MSE": 0.025377492134352517,
      "RMSE": 0.15930314540005955,
      "MAE": 0.12557340989922283,
      "Adjusted R2 score": 0.15306587308745745,
      "MAPE": 0.7823153718864476,
      "sMAPE": 48.97129377600538
    },
    "3": {
      "MSE": 0.039266266485021795,
      "RMSE": 0.1981571762137869,
      "MAE": 0.1546715338493216,
      "Adjusted R2 score": 0.2051516423388704,
      "MAPE": 0.7249890831149092,
      "sMAPE": 50.01577661977936
    },