{
  "Covariate_Shift": {
    "0": {
      "MSE": 0.028454962522905403,
      "RMSE": 0.16868598792699233,
      "MAE": 0.13742099071825764,
      "Adjusted R2 score": 0.21287572334636562,
      "MAPE": 0.806721876336388,
      "sMAPE": 44.523438102888875
    },
    "1": {
      "MSE": 0.03375597870128605,
      "RMSE": 0.18372800195203248,
      "MAE": 0.14883732332347369,
      "Adjusted R2 score": 0.2135796768087287,
      "MAPE": 0.7887604297653096,
      "sMAPE": 45.460300721184616
    },
    "2": {
      "MSE": 0.03468428761848516,
      "RMSE": 0.18623718108499485,
      "MAE": 0.14886212785082925,
      "Adjusted R2 score": 0.2477468684968347,
      "MAPE": 0.8401172955954022,
      "sMAPE": 44.84533460129675
    },
    "3": {
      "MSE": 0.029796167217237903,
      "RMSE": 0.1726156633021404,
      "MAE": 0.13795864092547264,
      "Adjusted R2 score": 0.3637754140888103,
      "MAPE": 0.7292211050746039,
      "sMAPE": 42.62880030847567
    }
  },
  "KMeans_Hyperballs": {
    "0": {
      "MSE": 0.03249121334310129,
      "RMSE": 0.18025319232430057,
      "MAE": 0.14451082179082866,
      "Adjusted R2 score": 0.08785116042735863,
      "MAPE": 0.8857657797128253,
      "sMAPE": 44.911638699865705
    },
    "1": {
      "MSE": 0.030352447345462885,
      "RMSE": 0.17421953778340385,
      "MAE": 0.14128494338641695,
      "Adjusted R2 score": 0.15051381237402728,
      "MAPE": 0.7453749833792063,
      "sMAPE": 47.348901611499926
    },
    "2": {
      "MSE": 0.030352447345462885,
      "RMSE": 0.17421953778340385,
      "MAE": 0.14128494338641695,
      "Adjusted R2 score": 0.15051381237402728,
      "MAPE": 0.7453749833792063,
      "sMAPE": 47.348901611499926
    },
    "3": {
      "MSE": 0.030352447345462885,
      "RMSE": 0.17421953778340385,
      "MAE": 0.14128494338641695,
      "Adjusted R2 score": 0.15051381237402728,
      "MAPE": 0.7453749833792062,
      "sMAPE": 47.348901611499926
    },
    "4": {
      "MSE": 0.045832553525888754,
      "RMSE": 0.21408538839885535,
      "MAE": 0.17396595518976454,
      "Adjusted R2 score": 0.1744505018298954,
      "MAPE": 0.7567290673304042,
      "sMAPE": 43.84066020045186
    }
  },
  "Multiple_Hyperballs": {
    "0": {
      "MSE": 0.03013377494690746,
      "RMSE": 0.17359082621759556,
      "MAE": 0.13869493085702092,
      "Adjusted R2 score": 0.36397244962361386,
      "MAPE": 0.7932937884543914,
      "sMAPE": 45.34227913418036
    },
    "1": {
      "MSE": 0.04230051475061239,
      "RMSE": 0.20567088940978592,
      "MAE": 0.1657324418456702,
      "Adjusted R2 score": 0.2156013641027673,
      "MAPE": 0.7259296301986545,
      "sMAPE": 42.707692330199805
    },
    "2": {
      "MSE": 0.04045760339099251,
      "RMSE": 0.20114075517157756,
      "MAE": 0.16094080476879455,
      "Adjusted R2 score": 0.2605905037170759,
      "MAPE": 0.6748786734510588,
      "sMAPE": 41.921382797350105
    },
    "3": {
      "MSE": 0.027841111375953263,
      "RMSE": 0.16685655928357526,
      "MAE": 0.13528430560116333,
      "Adjusted R2 score": 0.18976812976849222,
      "MAPE": 0.6744018128216975,
      "sMAPE": 45.0170291456567
    },
    "4": {
      "MSE": 0.026800473412620845,
      "RMSE": 0.16370850134498466,
      "MAE": 0.13048574842390456,
      "Adjusted R2 score": 0.46352059454594885,
      "MAPE": 0.7122277757258475,
      "sMAPE": 40.59535794174755
    }
  },
  "Random_Split": {
    "0": {
      "MSE": 0.02818534336853895,
      "RMSE": 0.167884911080594,
      "MAE": 0.13310693143774166,
      "Adjusted R2 score": 0.3909465871183534,
      "MAPE": 0.716649035739201,
      "sMAPE": 41.714163362977956
    },
    "1": {
      "MSE": 0.028062696992836485,
      "RMSE": 0.16751924364930879,
      "MAE": 0.1328806220888547,
      "Adjusted R2 score": 0.39433486212646873,
      "MAPE": 0.7132476258126954,
      "sMAPE": 41.448933672739884
    },
    "2": {
      "MSE": 0.02807278975065285,
      "RMSE": 0.16754936511563645,
      "MAE": 0.13254334669257198,
      "Adjusted R2 score": 0.3998439914682238,
      "MAPE": 0.7072308236084875,
      "sMAPE": 41.36524485499647
    },
    "3": {
      "MSE": 0.02787495682183478,
      "RMSE": 0.16695794926218632,
      "MAE": 0.13262074600464893,
      "Adjusted R2 score": 0.3999186746079322,
      "MAPE": 0.7017598142235619,
      "sMAPE": 41.454020542498064
    },
    "4": {
      "MSE": 0.027753338884964833,
      "RMSE": 0.1665933338551241,
      "MAE": 0.13203977999391006,
      "Adjusted R2 score": 0.39626115213118773,
      "MAPE": 0.7051712232799621,
      "sMAPE": 41.24269402021776
    }
  },
  "Semi_Infinite_Slab": {
    "0": {
      "MSE": 0.030484122297289917,
      "RMSE": 0.17459702831746568,
      "MAE": 0.140607379246583,
      "Adjusted R2 score": 0.1010742247885349,
      "MAPE": 0.9512809718033716,
      "sMAPE": 46.097715500363364
    },
    "1": {
      "MSE": 0.0301278843408442,
      "RMSE": 0.1735738584604381,
      "MAE": 0.13986100886752326,
      "Adjusted R2 score": 0.1115684672600451,
      "MAPE": 0.9461571177339089,
      "sMAPE": 45.970175459640835
    },
    "2": {
      "MSE": 0.028900367654345813,
      "RMSE": 0.17000108133287214,
      "MAE": 0.1375062389899647,
      "Adjusted R2 score": 0.14232452281510544,
      "MAPE": 0.962350029868926,
      "sMAPE": 46.986689926579864
    },
    "3": {
      "MSE": 0.0301278843408442,
      "RMSE": 0.1735738584604381,
      "MAE": 0.13986100886752323,
      "Adjusted R2 score": 0.1115684672600451,
      "MAPE": 0.9461571177339089,
      "sMAPE": 45.970175459640835
    },
    "4": {
      "MSE": 0.04119995840796241,
      "RMSE": 0.2029777288471876,
      "MAE": 0.16262987675680265,
      "Adjusted R2 score": 0.23283845258579117,
      "MAPE": 0.7449635359645719,
      "sMAPE": 44.86783187107895
    }
  },
  "Single_Hyperball": {
    "0": {
      "MSE": 0.022407864792551784,
      "RMSE": 0.14969256759288949,
      "MAE": 0.12177731683454766,
      "Adjusted R2 score": 0.24809541686822922,
      "MAPE": 0.8901147004005705,
      "sMAPE": 45.88347556211048
    },
    "1": {
      "MSE": 0.02289761421813331,
      "RMSE": 0.15131957645372032,
      "MAE": 0.12353982137819458,
      "Adjusted R2 score": 0.2369946017865523,
      "MAPE": 0.9109085392651207,
      "sMAPE": 46.915694104622006
    },
    "2": {
      "MSE": 0.024427936700022097,
      "RMSE": 0.15629439113423776,
      "MAE": 0.12787900506486755,
      "Adjusted R2 score": 0.19066205359231447,
      "MAPE": 0.9629638377758638,
      "sMAPE": 47.99271494089133
    },
    "3": {
      "MSE": 0.03189331384843992,
      "RMSE": 0.1785869923830958,
      "MAE": 0.1390737212039513,
      "Adjusted R2 score": 0.4133006292806767,
      "MAPE": 0.6516250071717405,
      "sMAPE": 42.30003027480891
    },
    "4": {
      "MSE": 0.021927499043913,
      "RMSE": 0.14807936738085087,
      "MAE": 0.12078097854943916,
      "Adjusted R2 score": 0.3223459786962417,
      "MAPE": 0.8386268739155447,
      "sMAPE": 43.97520424028637
    }
  },
  "Single_Slab": {
    "0": {
      "MSE": 0.024599890506846772,
      "RMSE": 0.15684352236176913,
      "MAE": 0.12813946346823907,
      "Adjusted R2 score": 0.1861440568818794,
      "MAPE": 0.9509009124388382,
      "sMAPE": 47.631675848797585
    },
    "1": {
      "MSE": 0.022315703457297057,
      "RMSE": 0.14938441504151984,
      "MAE": 0.12093256937441632,
      "Adjusted R2 score": 0.3374879293216778,
      "MAPE": 0.8110584861487768,
      "sMAPE": 43.161017384272924
    },
    "2": {
      "MSE": 0.024656615058314582,
      "RMSE": 0.15702424990527603,
      "MAE": 0.12847192043805442,
      "Adjusted R2 score": 0.1771240185406482,
      "MAPE": 0.9796350305349686,
      "sMAPE": 49.10294240803159
    },
    "3": {
      "MSE": 0.036033488695007755,
      "RMSE": 0.18982488955615845,
      "MAE": 0.15034360616988346,
      "Adjusted R2 score": 0.27059122565286353,
      "MAPE": 0.8087016102455347,
      "sMAPE": 47.865055777617144
    },