{
  "Covariate_Shift": {
    "0": {
      "MSE": 0.02992523416645113,
      "RMSE": 0.1729891157456189,
      "MAE": 0.14117316612336434,
      "Adjusted R2 score": 0.1722049087923595,
      "MAPE": 0.9208183925129771,
      "sMAPE": 45.030933754208725
    },
    "1": {
      "MSE": 0.03580572974740394,
      "RMSE": 0.18922402000645674,
      "MAE": 0.15436971862052168,
      "Adjusted R2 score": 0.16582618417815465,
      "MAPE": 0.8327899935120698,
      "sMAPE": 46.58081224685934
    },
    "2": {
      "MSE": 0.03493077117861188,
      "RMSE": 0.18689775594857175,
      "MAE": 0.15052116122410814,
      "Adjusted R2 score": 0.24240098877144123,
      "MAPE": 0.8579611159139829,
      "sMAPE": 45.20605482608248
    },
    "3": {
      "MSE": 0.03076636867599837,
      "RMSE": 0.1754034454507618,
      "MAE": 0.14118042476651407,
      "Adjusted R2 score": 0.34305912474696487,
      "MAPE": 0.7966778804772054,
      "sMAPE": 43.113265357936626
    }
  },
  "KMeans_Hyperballs": {
    "0": {
      "MSE": 0.03319286048669236,
      "RMSE": 0.18218907894462927,
      "MAE": 0.14725532475409023,
      "Adjusted R2 score": 0.06815332332113244,
      "MAPE": 0.8882577963642778,
      "sMAPE": 45.53049824999872
    },
    "1": {
      "MSE": 0.03170425408445586,
      "RMSE": 0.1780568844062365,
      "MAE": 0.14535272998401708,
      "Adjusted R2 score": 0.11268025186919706,
      "MAPE": 0.8334373467505136,
      "sMAPE": 47.92859575402715
    },
    "2": {
      "MSE": 0.03170425408445586,
      "RMSE": 0.1780568844062365,
      "MAE": 0.14535272998401708,
      "Adjusted R2 score": 0.11268025186919706,
      "MAPE": 0.8334373467505136,
      "sMAPE": 47.92859575402715
    },
    "3": {
      "MSE": 0.03170425408445586,
      "RMSE": 0.1780568844062365,
      "MAE": 0.14535272998401708,
      "Adjusted R2 score": 0.11268025186919706,
      "MAPE": 0.8334373467505136,
      "sMAPE": 47.92859575402715
    },
    "4": {
      "MSE": 0.04708635223419294,
      "RMSE": 0.21699389907136316,
      "MAE": 0.17620045709421697,
      "Adjusted R2 score": 0.1518667089835688,
      "MAPE": 0.807313480695819,
      "sMAPE": 43.82082295857243
    }
  },
  "Multiple_Hyperballs": {
    "0": {
      "MSE": 0.030921971539068567,
      "RMSE": 0.17584644306629738,
      "MAE": 0.14280915733177585,
      "Adjusted R2 score": 0.3473361420713569,
      "MAPE": 0.8925124741723346,
      "sMAPE": 46.08471054937154
    },
    "1": {
      "MSE": 0.043889300700451085,
      "RMSE": 0.2094977343563674,
      "MAE": 0.16896729522697032,
      "Adjusted R2 score": 0.18613974787578924,
      "MAPE": 0.7888582227101812,
      "sMAPE": 42.95369721896603
    },
    "2": {
      "MSE": 0.03944433637962782,
      "RMSE": 0.19860598273875796,
      "MAE": 0.15962196922928992,
      "Adjusted R2 score": 0.27910913032064977,
      "MAPE": 0.7081966074880884,
      "sMAPE": 41.471335820512714
    },
    "3": {
      "MSE": 0.027631747486115868,
      "RMSE": 0.16622799850240594,
      "MAE": 0.13514262263098417,
      "Adjusted R2 score": 0.1958610365397503,
      "MAPE": 0.7262262170770616,
      "sMAPE": 44.59616918557441
    },
    "4": {
      "MSE": 0.027379521321836235,
      "RMSE": 0.16546758390040098,
      "MAE": 0.13186596852045615,
      "Adjusted R2 score": 0.45192948295315905,
      "MAPE": 0.7282981323448503,
      "sMAPE": 40.72365841650279
    }
  },
  "Random_Split": {
    "0": {
      "MSE": 0.0296628094342064,
      "RMSE": 0.17222894482114903,
      "MAE": 0.13789711717072256,
      "Adjusted R2 score": 0.35902021538871143,
      "MAPE": 0.7930957624209753,
      "sMAPE": 42.67024978092329
    },
    "1": {
      "MSE": 0.029414934658725585,
      "RMSE": 0.1715078268147713,
      "MAE": 0.13722485628567865,
      "Adjusted R2 score": 0.3651500972922985,
      "MAPE": 0.794136186814473,
      "sMAPE": 42.323692804737526
    },
    "2": {
      "MSE": 0.029544921893516995,
      "RMSE": 0.17188636331459514,
      "MAE": 0.13718015961282531,
      "Adjusted R2 score": 0.36837191624021304,
      "MAPE": 0.7822290260689166,
      "sMAPE": 42.25515535998949
    },
    "3": {
      "MSE": 0.0298862367716226,
      "RMSE": 0.17287636267466586,
      "MAE": 0.138638292599778,
      "Adjusted R2 score": 0.35662061514483145,
      "MAPE": 0.7918420562009927,
      "sMAPE": 42.67111802284306
    },
    "4": {
      "MSE": 0.029028519364120785,
      "RMSE": 0.17037757881869547,
      "MAE": 0.13626591448903091,
      "Adjusted R2 score": 0.3685212107676825,
      "MAPE": 0.7723729341875156,
      "sMAPE": 42.10891499576935
    }
  },
  "Semi_Infinite_Slab": {
    "0": {
      "MSE": 0.031611120108502325,
      "RMSE": 0.1777951633439513,
      "MAE": 0.14492755080136313,
      "Adjusted R2 score": 0.0678409444852407,
      "MAPE": 1.0156334180542281,
      "sMAPE": 47.24127269039401
    },
    "1": {
      "MSE": 0.03149417158079205,
      "RMSE": 0.17746597302241365,
      "MAE": 0.14465582667682103,
      "Adjusted R2 score": 0.07127846040070862,
      "MAPE": 1.0128440918180874,
      "sMAPE": 47.186515249517974
    },
    "2": {
      "MSE": 0.03020509936116702,
      "RMSE": 0.17379614311361175,
      "MAE": 0.14116556411709846,
      "Adjusted R2 score": 0.10360403307497346,
      "MAPE": 1.0098880325228647,
      "sMAPE": 47.743443514737784
    },
    "3": {
      "MSE": 0.03149417158079205,
      "RMSE": 0.17746597302241365,
      "MAE": 0.14465582667682103,
      "Adjusted R2 score": 0.07127846040070862,
      "MAPE": 1.0128440918180874,
      "sMAPE": 47.186515249517974
    },
    "4": {
      "MSE": 0.04203019470527148,
      "RMSE": 0.20501266962134676,
      "MAE": 0.16410980713526283,
      "Adjusted R2 score": 0.21737908351905022,
      "MAPE": 0.8340904985825655,
      "sMAPE": 44.661612778195384
    }
  },
  "Single_Hyperball": {
    "0": {
      "MSE": 0.023715826697675132,
      "RMSE": 0.15399943732908614,
      "MAE": 0.12652977571712945,
      "Adjusted R2 score": 0.20420624848343505,
      "MAPE": 0.9774709610550458,
      "sMAPE": 47.068215694919225
    },
    "1": {
      "MSE": 0.02434817661862871,
      "RMSE": 0.15603902274312254,
      "MAE": 0.12868444939104182,
      "Adjusted R2 score": 0.18865825846800044,
      "MAPE": 1.0014433939375667,
      "sMAPE": 48.18562294321362
    },
    "2": {
      "MSE": 0.026039817910465914,
      "RMSE": 0.16136857782872696,
      "MAE": 0.13347276229586783,
      "Adjusted R2 score": 0.13725776305669346,
      "MAPE": 1.0508766885019631,
      "sMAPE": 49.48682195297485
    },
    "3": {
      "MSE": 0.03097332836653032,
      "RMSE": 0.1759924099685277,
      "MAE": 0.13932257966328968,
      "Adjusted R2 score": 0.4302243928592201,
      "MAPE": 0.7244357779017367,
      "sMAPE": 41.848406873166745
    },
    "4": {
      "MSE": 0.0233038662356268,
      "RMSE": 0.15265603897529503,
      "MAE": 0.12573663728458384,
      "Adjusted R2 score": 0.27981031330241146,
      "MAPE": 0.9280679763866928,
      "sMAPE": 45.220190871178545
    }
  },
  "Single_Slab": {
    "0": {
      "MSE": 0.02579927379558426,
      "RMSE": 0.160621523450577,
      "MAE": 0.13242524247358847,
      "Adjusted R2 score": 0.14646399337330895,
      "MAPE": 1.0251537496855099,
      "sMAPE": 48.774581205195204
    },
    "1": {
      "MSE": 0.023865191696301673,
      "RMSE": 0.15448362921779665,
      "MAE": 0.12655359758535664,
      "Adjusted R2 score": 0.29148648179038894,
      "MAPE": 0.9020490365887881,
      "sMAPE": 44.46922242420614
    },
    "2": {
      "MSE": 0.026247661230287208,
      "RMSE": 0.16201129969939507,
      "MAE": 0.13400633106381385,
      "Adjusted R2 score": 0.12402533986100406,
      "MAPE": 1.0715748254356743,
      "sMAPE": 50.5477854590726
    },
    "3": {
      "MSE": 0.03652075126663149,
      "RMSE": 0.1911040325755359,
      "MAE": 0.15252568028262262,
      "Adjusted R2 score": 0.2607278011545704,
      "MAPE": 0.898232556421876,
      "sMAPE": 47.88624499077135
    },