{
  "Covariate_Shift": {
    "0": {
      "MSE": 0.035392648249060285,
      "RMSE": 0.18812933915011842,
      "MAE": 0.15138776335494197,
      "Adjusted R2 score": 0.020964704154050717,
      "MAPE": 0.7788056657626079,
      "sMAPE": 49.47410941749173
    },
    "1": {
      "MSE": 0.03743427226296853,
      "RMSE": 0.19347938459424696,
      "MAE": 0.15536977087780043,
      "Adjusted R2 score": 0.12788567761620906,
      "MAPE": 0.8054869204475827,
      "sMAPE": 46.95921049871628
    },
    "2": {
      "MSE": 0.03843834543557102,
      "RMSE": 0.19605699537525056,
      "MAE": 0.1558875701810006,
      "Adjusted R2 score": 0.16632666521026895,
      "MAPE": 0.8398736215421897,
      "sMAPE": 46.60141903076119
    },
    "3": {
      "MSE": 0.0325730220708749,
      "RMSE": 0.18047997692507306,
      "MAE": 0.14307456000210161,
      "Adjusted R2 score": 0.3044824413883285,
      "MAPE": 0.7243460518753394,
      "sMAPE": 43.84153122818903
    }
  },
  "KMeans_Hyperballs": {
    "0": {
      "MSE": 0.03978013793038309,
      "RMSE": 0.19944958744099495,
      "MAE": 0.15699541459046248,
      "Adjusted R2 score": -0.11677598088046981,
      "MAPE": 0.8933674277951068,
      "sMAPE": 48.0053934405701
    },
    "1": {
      "MSE": 0.041601386972204744,
      "RMSE": 0.20396418061072571,
      "MAE": 0.16421674166583852,
      "Adjusted R2 score": -0.16431479863035325,
      "MAPE": 0.7442133525222976,
      "sMAPE": 56.22553938528322
    },
    "2": {
      "MSE": 0.041601386972204744,
      "RMSE": 0.20396418061072571,
      "MAE": 0.16421674166583852,
      "Adjusted R2 score": -0.16431479863035325,
      "MAPE": 0.7442133525222976,
      "sMAPE": 56.22553938528322
    },
    "3": {
      "MSE": 0.041601386972204744,
      "RMSE": 0.20396418061072571,
      "MAE": 0.16421674166583852,
      "Adjusted R2 score": -0.16431479863035325,
      "MAPE": 0.7442133525222976,
      "sMAPE": 56.22553938528322
    },
    "4": {
      "MSE": 0.05497238710167005,
      "RMSE": 0.23446190970319689,
      "MAE": 0.18917716887043595,
      "Adjusted R2 score": 0.009821118533970719,
      "MAPE": 0.8114378158165255,
      "sMAPE": 46.74617483112032
    }
  },
  "Multiple_Hyperballs": {
    "0": {
      "MSE": 0.03584433171157252,
      "RMSE": 0.1893259932274819,
      "MAE": 0.1502053387114787,
      "Adjusted R2 score": 0.24344087212578802,
      "MAPE": 0.8198880925432639,
      "sMAPE": 48.54750631450427
    },
    "1": {
      "MSE": 0.05136929138374092,
      "RMSE": 0.226647945906732,
      "MAE": 0.18123168134402382,
      "Adjusted R2 score": 0.04743471028729018,
      "MAPE": 0.8341300281352866,
      "sMAPE": 45.35201826221718
    },
    "2": {
      "MSE": 0.042376092890727905,
      "RMSE": 0.20585454304126471,
      "MAE": 0.16416420897750195,
      "Adjusted R2 score": 0.22552788913473876,
      "MAPE": 0.7055375443297576,
      "sMAPE": 42.55888387571373
    },
    "3": {
      "MSE": 0.032422442577886845,
      "RMSE": 0.1800623297024862,
      "MAE": 0.14397535025868774,
      "Adjusted R2 score": 0.05644225431157124,
      "MAPE": 0.680915184402536,
      "sMAPE": 48.76880243616307
    },
    "4": {
      "MSE": 0.032243345960450163,
      "RMSE": 0.17956432262687977,
      "MAE": 0.14257961829398924,
      "Adjusted R2 score": 0.3545677046672734,
      "MAPE": 0.6665394650837584,
      "sMAPE": 45.90485223419724
    }
  },
  "Random_Split": {
    "0": {
      "MSE": 0.029453436642316713,
      "RMSE": 0.1716200356669253,
      "MAE": 0.13473500292238183,
      "Adjusted R2 score": 0.36354452477169763,
      "MAPE": 0.6910550892287756,
      "sMAPE": 42.14431211190396
    },
    "1": {
      "MSE": 0.02955138245672259,
      "RMSE": 0.171905155410542,
      "MAE": 0.13408787098125474,
      "Adjusted R2 score": 0.3622052030646521,
      "MAPE": 0.6837254960564013,
      "sMAPE": 41.641055791222506
    },
    "2": {
      "MSE": 0.029798589592080815,
      "RMSE": 0.17262267983113,
      "MAE": 0.13521367563872788,
      "Adjusted R2 score": 0.36294886442328533,
      "MAPE": 0.6825765506357205,
      "sMAPE": 42.00961654938257
    },
    "3": {
      "MSE": 0.028963285445084634,
      "RMSE": 0.17018603187419534,
      "MAE": 0.1337383478109838,
      "Adjusted R2 score": 0.3764895555288911,
      "MAPE": 0.670444513629721,
      "sMAPE": 41.680432177992955
    },
    "4": {
      "MSE": 0.029353076450056255,
      "RMSE": 0.17132739550362708,
      "MAE": 0.13453092149568702,
      "Adjusted R2 score": 0.36146088112797603,
      "MAPE": 0.6843339379569123,
      "sMAPE": 41.828931524955706
    }
  },
  "Semi_Infinite_Slab": {
    "0": {
      "MSE": 0.04197682100472892,
      "RMSE": 0.2048824565567509,
      "MAE": 0.16223596370747212,
      "Adjusted R2 score": -0.23782623605152864,
      "MAPE": 1.026367950700948,
      "sMAPE": 50.17199940325665
    },
    "1": {
      "MSE": 0.04228317627343286,
      "RMSE": 0.20562873406562823,
      "MAE": 0.16264156051835582,
      "Adjusted R2 score": -0.24687504375446734,
      "MAPE": 1.0246409900463,
      "sMAPE": 50.176404519647924
    },
    "2": {
      "MSE": 0.03407377975296924,
      "RMSE": 0.18459084417426894,
      "MAE": 0.14630844963462236,
      "Adjusted R2 score": -0.011206696698419893,
      "MAPE": 0.9542328225623303,
      "sMAPE": 49.07484849209352
    },
    "3": {
      "MSE": 0.04228317627343286,
      "RMSE": 0.20562873406562823,
      "MAE": 0.16264156051835582,
      "Adjusted R2 score": -0.24687504375446734,
      "MAPE": 1.0246409900463,
      "sMAPE": 50.176404519647924
    },
    "4": {
      "MSE": 0.0448458069749937,
      "RMSE": 0.21176828604631454,
      "MAE": 0.16977809036249034,
      "Adjusted R2 score": 0.1649511309378875,
      "MAPE": 0.8873359012322498,
      "sMAPE": 45.53604582797583
    }
  },
  "Single_Hyperball": {
    "0": {
      "MSE": 0.029794903902115383,
      "RMSE": 0.17261200393401202,
      "MAE": 0.13929409932437292,
      "Adjusted R2 score": 0.00022045806801684886,
      "MAPE": 0.9751625533164971,
      "sMAPE": 50.04155262195763
    },
    "1": {
      "MSE": 0.026603500732045107,
      "RMSE": 0.16310579613258722,
      "MAE": 0.13014081416431167,
      "Adjusted R2 score": 0.11350525532696143,
      "MAPE": 0.8561749464320478,
      "sMAPE": 49.63997134996216
    },
    "2": {
      "MSE": 0.027862793900128222,
      "RMSE": 0.16692152018277398,
      "MAE": 0.1330086593169547,
      "Adjusted R2 score": 0.07685955333714412,
      "MAPE": 0.8145021950714053,
      "sMAPE": 51.37619773256505
    },
    "3": {
      "MSE": 0.035990925263717624,
      "RMSE": 0.18971274407302643,
      "MAE": 0.14772378280022827,
      "Adjusted R2 score": 0.33792225843404433,
      "MAPE": 0.6435909318119949,
      "sMAPE": 46.27998466641141
    },
    "4": {
      "MSE": 0.029563632028426406,
      "RMSE": 0.17194078058571913,
      "MAE": 0.1390831726979423,
      "Adjusted R2 score": 0.08635662971472857,
      "MAPE": 0.9263614503409118,
      "sMAPE": 48.33109095388484
    }
  },
  "Single_Slab": {
    "0": {
      "MSE": 0.032923159771538556,
      "RMSE": 0.1814474022176635,
      "MAE": 0.14598108692534087,
      "Adjusted R2 score": -0.0892206710772323,
      "MAPE": 0.9627613897524638,
      "sMAPE": 52.44890318816747
    },
    "1": {
      "MSE": 0.02682710572040109,
      "RMSE": 0.16378982178511914,
      "MAE": 0.13140497898393055,
      "Adjusted R2 score": 0.20355271815025555,
      "MAPE": 0.8175718277554225,
      "sMAPE": 46.327952469679964
    },
    "2": {
      "MSE": 0.02702558117852756,
      "RMSE": 0.16439458987000624,
      "MAE": 0.13009206413028254,
      "Adjusted R2 score": 0.09806347772416435,
      "MAPE": 0.7827315800963212,
      "sMAPE": 51.36728994990425
    },
    "3": {
      "MSE": 0.042029219118673446,
      "RMSE": 0.20501029027508216,
      "MAE": 0.16241363375730267,
      "Adjusted R2 score": 0.14922250621916244,
      "MAPE": 0.7993023257924687,
      "sMAPE": 52.15382881438612
    },