{
  "Covariate_Shift": {
    "0": {
      "MSE": 0.02990026596004632,
      "RMSE": 0.17291693369952615,
      "MAE": 0.14019202483834103,
      "Adjusted R2 score": 0.17289558204100297,
      "MAPE": 0.7190542708226472,
      "sMAPE": 45.786064591480056
    },
    "1": {
      "MSE": 0.03551606424845676,
      "RMSE": 0.1884570620816762,
      "MAE": 0.1532480314295074,
      "Adjusted R2 score": 0.17257458384137392,
      "MAPE": 0.7637795300124018,
      "sMAPE": 46.730719063167506
    },
    "2": {
      "MSE": 0.035313124482356906,
      "RMSE": 0.18791786632025415,
      "MAE": 0.1499659439646561,
      "Adjusted R2 score": 0.2341082865182894,
      "MAPE": 0.8854483224730078,
      "sMAPE": 44.94122086164389
    },
    "3": {
      "MSE": 0.03099897403072172,
      "RMSE": 0.1760652550355172,
      "MAE": 0.1417263435194997,
      "Adjusted R2 score": 0.3380924038794577,
      "MAPE": 0.7443599443756261,
      "sMAPE": 43.519587045467176
    }
  },
  "KMeans_Hyperballs": {
    "0": {
      "MSE": 0.02704345898329378,
      "RMSE": 0.16444895555549685,
      "MAE": 0.13414194142658803,
      "Adjusted R2 score": 0.2407898261860597,
      "MAPE": 0.8150895349008589,
      "sMAPE": 43.326444029812706
    },
    "1": {
      "MSE": 0.03084377360596153,
      "RMSE": 0.17562395510283194,
      "MAE": 0.14218288631420722,
      "Adjusted R2 score": 0.1367628661270549,
      "MAPE": 0.6822877899321486,
      "sMAPE": 47.77820174366676
    },
    "2": {
      "MSE": 0.03084377360596153,
      "RMSE": 0.17562395510283194,
      "MAE": 0.14218288631420722,
      "Adjusted R2 score": 0.1367628661270549,
      "MAPE": 0.6822877899321486,
      "sMAPE": 47.77820174366676
    },
    "3": {
      "MSE": 0.03084377360596153,
      "RMSE": 0.17562395510283194,
      "MAE": 0.14218288631420722,
      "Adjusted R2 score": 0.1367628661270549,
      "MAPE": 0.6822877899321486,
      "sMAPE": 47.77820174366676
    },
    "4": {
      "MSE": 0.04335672550452407,
      "RMSE": 0.20822277854385687,
      "MAE": 0.16821473795651878,
      "Adjusted R2 score": 0.21904584778718716,
      "MAPE": 0.7014857897942445,
      "sMAPE": 42.893428521763774
    }
  },
  "Multiple_Hyperballs": {
    "0": {
      "MSE": 0.030151967939975207,
      "RMSE": 0.17364322025341275,
      "MAE": 0.13927664406697612,
      "Adjusted R2 score": 0.3635884537639752,
      "MAPE": 0.8410945054312794,
      "sMAPE": 45.45075694157635
    },
    "1": {
      "MSE": 0.04403824859375793,
      "RMSE": 0.2098529213372021,
      "MAE": 0.16981974570716077,
      "Adjusted R2 score": 0.18337773599440998,
      "MAPE": 0.6868745165247082,
      "sMAPE": 43.672001357090465
    },
    "2": {
      "MSE": 0.04194641179371792,
      "RMSE": 0.20480823175282267,
      "MAE": 0.16441386042570405,
      "Adjusted R2 score": 0.2333808081628882,
      "MAPE": 0.6714351378233686,
      "sMAPE": 42.54825028132473
    },
    "3": {
      "MSE": 0.026812625182508897,
      "RMSE": 0.16374561118548764,
      "MAE": 0.1328828230084682,
      "Adjusted R2 score": 0.2196991293169318,
      "MAPE": 0.6983008474202488,
      "sMAPE": 44.09814058388154
    },
    "4": {
      "MSE": 0.027577843693333107,
      "RMSE": 0.1660657812233848,
      "MAE": 0.1325863249861088,
      "Adjusted R2 score": 0.4479595580077744,
      "MAPE": 0.7555030485061396,
      "sMAPE": 41.13437965905655
    }
  },
  "Random_Split": {
    "0": {
      "MSE": 0.029224762725362365,
      "RMSE": 0.1709525159959992,
      "MAE": 0.13640164306111563,
      "Adjusted R2 score": 0.3684859096516676,
      "MAPE": 0.751761673583112,
      "sMAPE": 42.48611280849669
    },
    "1": {
      "MSE": 0.029222410885117525,
      "RMSE": 0.17094563722165454,
      "MAE": 0.13647470458250688,
      "Adjusted R2 score": 0.36930525522013513,
      "MAPE": 0.7520799225753363,
      "sMAPE": 42.298445406207854
    },
    "2": {
      "MSE": 0.029354998514398406,
      "RMSE": 0.17133300474338972,
      "MAE": 0.1363882708200119,
      "Adjusted R2 score": 0.3724322058712437,
      "MAPE": 0.7471216216440785,
      "sMAPE": 42.2426255037855
    },
    "3": {
      "MSE": 0.02917830751234801,
      "RMSE": 0.1708165902725728,
      "MAE": 0.1365729842203953,
      "Adjusted R2 score": 0.3718606433502405,
      "MAPE": 0.7394725238228049,
      "sMAPE": 42.368079682977346
    },
    "4": {
      "MSE": 0.028947922713918547,
      "RMSE": 0.17014089077561145,
      "MAE": 0.13582692140157773,
      "Adjusted R2 score": 0.3702744891367059,
      "MAPE": 0.7412322143974477,
      "sMAPE": 42.12873227551919
    }
  },
  "Semi_Infinite_Slab": {
    "0": {
      "MSE": 0.0285548395631641,
      "RMSE": 0.1689817728725915,
      "MAE": 0.1377159843014364,
      "Adjusted R2 score": 0.1579655454722314,
      "MAPE": 0.9460780800454749,
      "sMAPE": 45.932816368892915
    },
    "1": {
      "MSE": 0.02840381973089706,
      "RMSE": 0.16853432804890836,
      "MAE": 0.13737144522980518,
      "Adjusted R2 score": 0.16240885640351765,
      "MAPE": 0.9431006088656919,
      "sMAPE": 45.86701684341389
    },
    "2": {
      "MSE": 0.029391342200045998,
      "RMSE": 0.17143903347851094,
      "MAE": 0.14067594744456763,
      "Adjusted R2 score": 0.12775388368672314,
      "MAPE": 1.013972935619267,
      "sMAPE": 47.9341201226139
    },
    "3": {
      "MSE": 0.02840381973089706,
      "RMSE": 0.16853432804890836,
      "MAE": 0.13737144522980518,
      "Adjusted R2 score": 0.16240885640351765,
      "MAPE": 0.9431006088656919,
      "sMAPE": 45.86701684341389
    },
    "4": {
      "MSE": 0.042620036747064556,
      "RMSE": 0.2064462078776565,
      "MAE": 0.16669370294496302,
      "Adjusted R2 score": 0.20639596239472202,
      "MAPE": 0.7300923910364657,
      "sMAPE": 45.80085170108795
    }
  },
  "Single_Hyperball": {
    "0": {
      "MSE": 0.022208272349815723,
      "RMSE": 0.149024401860285,
      "MAE": 0.12226668465214321,
      "Adjusted R2 score": 0.25479281859932124,
      "MAPE": 0.9438562604835073,
      "sMAPE": 46.07620114989566
    },
    "1": {
      "MSE": 0.023464767801516045,
      "RMSE": 0.15318213930323615,
      "MAE": 0.12601690058363008,
      "Adjusted R2 score": 0.21809563521236552,
      "MAPE": 0.9862058385792385,
      "sMAPE": 47.49418115919081
    },
    "2": {
      "MSE": 0.02474506845407648,
      "RMSE": 0.15730565296287505,
      "MAE": 0.12949031681554904,
      "Adjusted R2 score": 0.18015495404809423,
      "MAPE": 1.0170880139916465,
      "sMAPE": 48.45606850587319
    },
    "3": {
      "MSE": 0.03268756664528045,
      "RMSE": 0.1807970316274038,
      "MAE": 0.14167920212272228,
      "Adjusted R2 score": 0.3986898046321997,
      "MAPE": 0.7330048558911093,
      "sMAPE": 42.8411016936543
    },
    "4": {
      "MSE": 0.021646151521489212,
      "RMSE": 0.1471263114520622,
      "MAE": 0.1209670928767542,
      "Adjusted R2 score": 0.3310408270951636,
      "MAPE": 0.882128013232884,
      "sMAPE": 44.082509790890924
    }
  },
  "Single_Slab": {
    "0": {
      "MSE": 0.02509681171833676,
      "RMSE": 0.15841973273029078,
      "MAE": 0.13039317920896132,
      "Adjusted R2 score": 0.1697040535769856,
      "MAPE": 1.0141381571087122,
      "sMAPE": 48.24865802021207
    },
    "1": {
      "MSE": 0.02260079890838165,
      "RMSE": 0.1503356208899995,
      "MAE": 0.122849620236809,
      "Adjusted R2 score": 0.32902397128421534,
      "MAPE": 0.8651452186465918,
      "sMAPE": 43.602699887698094
    },
    "2": {
      "MSE": 0.025704171867393193,
      "RMSE": 0.16032520658771407,
      "MAE": 0.13232050134930134,
      "Adjusted R2 score": 0.14216344770129008,
      "MAPE": 1.0623933106806713,
      "sMAPE": 50.079138106679665
    },
    "3": {
      "MSE": 0.036156904388265555,
      "RMSE": 0.1901496894245835,
      "MAE": 0.15197382121709355,
      "Adjusted R2 score": 0.2680929804699915,
      "MAPE": 0.8731751400204336,
      "sMAPE": 48.35201909460554
    },
    "4": {
      "MSE": 0.024194464261567385,