{
  "Covariate_Shift": {
    "0": {
      "MSE": 0.02915061441115635,
      "RMSE": 0.17073551010600094,
      "MAE": 0.13687447086434362,
      "Adjusted R2 score": 0.19363252494462857,
      "MAPE": 0.714067836591609,
      "sMAPE": 44.827887649152295
    },
    "1": {
      "MSE": 0.0381225643405402,
      "RMSE": 0.1952500047132911,
      "MAE": 0.15575956103488112,
      "Adjusted R2 score": 0.11185038849353668,
      "MAPE": 0.7602166783664285,
      "sMAPE": 47.08549378734473
    },
    "2": {
      "MSE": 0.04489618356374919,
      "RMSE": 0.21188719537468326,
      "MAE": 0.16998181300338777,
      "Adjusted R2 score": 0.0262652919424059,
      "MAPE": 0.9813339786201085,
      "sMAPE": 49.216309906004426
    },
    "3": {
      "MSE": 0.03495543808829308,
      "RMSE": 0.18696373468748714,
      "MAE": 0.14970852871875107,
      "Adjusted R2 score": 0.2536117494265395,
      "MAPE": 0.6755749739860147,
      "sMAPE": 48.13988898385206
    }
  },
  "KMeans_Hyperballs": {
    "0": {
      "MSE": 0.03531707373248352,
      "RMSE": 0.18792837394199824,
      "MAE": 0.1490013284460158,
      "Adjusted R2 score": 0.008518780692866823,
      "MAPE": 0.6348553115983803,
      "sMAPE": 56.15335186256895
    },
    "1": {
      "MSE": 0.030608059576063117,
      "RMSE": 0.1749515920935363,
      "MAE": 0.142365297515972,
      "Adjusted R2 score": 0.14335988976568703,
      "MAPE": 0.8815557265511456,
      "sMAPE": 46.54302043334283
    },
    "2": {
      "MSE": 0.030608059576063117,
      "RMSE": 0.1749515920935363,
      "MAE": 0.142365297515972,
      "Adjusted R2 score": 0.14335988976568703,
      "MAPE": 0.8815557265511456,
      "sMAPE": 46.54302043334283
    },
    "3": {
      "MSE": 0.030608059576063117,
      "RMSE": 0.1749515920935363,
      "MAE": 0.142365297515972,
      "Adjusted R2 score": 0.14335988976568703,
      "MAPE": 0.8815557265511456,
      "sMAPE": 46.54302043334283
    },
    "4": {
      "MSE": 0.04435207151304484,
      "RMSE": 0.21059931508208862,
      "MAE": 0.17109121349365167,
      "Adjusted R2 score": 0.20111738134518975,
      "MAPE": 0.710316450252996,
      "sMAPE": 43.29553774470067
    }
  },
  "Multiple_Hyperballs": {
    "0": {
      "MSE": 0.030949738695283852,
      "RMSE": 0.1759253782013381,
      "MAE": 0.13832957707229052,
      "Adjusted R2 score": 0.3467500662683869,
      "MAPE": 0.7466998368472131,
      "sMAPE": 45.04401417470831
    },
    "1": {
      "MSE": 0.05511772835817617,
      "RMSE": 0.2347716515215927,
      "MAE": 0.19601783837699052,
      "Adjusted R2 score": -0.022074345733149814,
      "MAPE": 0.8447944791966433,
      "sMAPE": 48.65905618208078
    },
    "2": {
      "MSE": 0.04265038439336658,
      "RMSE": 0.2065196949285142,
      "MAE": 0.16643643875974412,
      "Adjusted R2 score": 0.22051489467135676,
      "MAPE": 0.6772310902045129,
      "sMAPE": 43.36129095633004
    },
    "3": {
      "MSE": 0.031772101358240656,
      "RMSE": 0.17824730392979485,
      "MAE": 0.1419829867033607,
      "Adjusted R2 score": 0.07536848091104842,
      "MAPE": 0.6849027894047207,
      "sMAPE": 48.58537578011166
    },
    "4": {
      "MSE": 0.03904499243752546,
      "RMSE": 0.19759805777771566,
      "MAE": 0.16139135416115907,
      "Adjusted R2 score": 0.21841551056417807,
      "MAPE": 0.6838332110447805,
      "sMAPE": 61.45304057978127
    }
  },
  "Random_Split": {
    "0": {
      "MSE": 0.03394020072626773,
      "RMSE": 0.18422866423623585,
      "MAE": 0.1486283350647072,
      "Adjusted R2 score": 0.26659062421445157,
      "MAPE": 0.786972743410095,
      "sMAPE": 45.52326523802584
    },
    "1": {
      "MSE": 0.03222982548723572,
      "RMSE": 0.17952667068498687,
      "MAE": 0.14358108123632293,
      "Adjusted R2 score": 0.304397517375132,
      "MAPE": 0.7968467428990249,
      "sMAPE": 43.57618488814226
    },
    "2": {
      "MSE": 0.032165592161519346,
      "RMSE": 0.17934768513008287,
      "MAE": 0.1421784081431154,
      "Adjusted R2 score": 0.31234574208038923,
      "MAPE": 0.8008174027635188,
      "sMAPE": 43.23182816888428
    },
    "3": {
      "MSE": 0.03700285153032029,
      "RMSE": 0.1923612526740255,
      "MAE": 0.15306466730223442,
      "Adjusted R2 score": 0.20341687588885204,
      "MAPE": 0.8471467664489432,
      "sMAPE": 45.99715589424549
    },
    "4": {
      "MSE": 0.033553302474856404,
      "RMSE": 0.18317560556705254,
      "MAE": 0.1460290877776116,
      "Adjusted R2 score": 0.2700902668926122,
      "MAPE": 0.6745632185375822,
      "sMAPE": 45.15812279808137
    }
  },
  "Semi_Infinite_Slab": {
    "0": {
      "MSE": 0.036631702190474943,
      "RMSE": 0.19139410176511434,
      "MAE": 0.15462883672595257,
      "Adjusted R2 score": -0.08020762309484852,
      "MAPE": 0.9398681914418243,
      "sMAPE": 49.34236595168151
    },
    "1": {
      "MSE": 0.03589086266987418,
      "RMSE": 0.1894488391885107,
      "MAE": 0.155557152465602,
      "Adjusted R2 score": -0.05837415506561472,
      "MAPE": 0.6712152628350823,
      "sMAPE": 68.0574853512104
    },
    "2": {
      "MSE": 0.04334179140269326,
      "RMSE": 0.2081869145808479,
      "MAE": 0.16456507911788684,
      "Adjusted R2 score": -0.28625324314043055,
      "MAPE": 0.8536345039215367,
      "sMAPE": 60.40590824046229
    },
    "3": {
      "MSE": 0.03589086266987418,
      "RMSE": 0.1894488391885107,
      "MAE": 0.155557152465602,
      "Adjusted R2 score": -0.05837415506561472,
      "MAPE": 0.6712152628350823,
      "sMAPE": 68.0574853512104
    },
    "4": {
      "MSE": 0.04888963555826375,
      "RMSE": 0.22111000782023357,
      "MAE": 0.1778050705513215,
      "Adjusted R2 score": 0.08965324440362077,
      "MAPE": 0.6646358936538872,
      "sMAPE": 49.44476577865278
    }
  },
  "Single_Hyperball": {
    "0": {
      "MSE": 0.03129223210435139,
      "RMSE": 0.1768961053962223,
      "MAE": 0.14160481035061334,
      "Adjusted R2 score": -0.050022969770227466,
      "MAPE": 0.6173376240100286,
      "sMAPE": 66.77719664394347
    },
    "1": {
      "MSE": 0.022919849632941067,
      "RMSE": 0.1513930303314557,
      "MAE": 0.12076597892124506,
      "Adjusted R2 score": 0.2362536625180237,
      "MAPE": 0.8364413404892578,
      "sMAPE": 46.11827901146581
    },
    "2": {
      "MSE": 0.023926689141158086,
      "RMSE": 0.15468254310412047,
      "MAE": 0.12357665257305521,
      "Adjusted R2 score": 0.20726921427537348,
      "MAPE": 0.7913582361493552,
      "sMAPE": 47.915672572795046
    },
    "3": {
      "MSE": 0.0325288786772805,
      "RMSE": 0.18035764102826501,
      "MAE": 0.14229243391089344,
      "Adjusted R2 score": 0.40160897858222355,
      "MAPE": 0.643963695651765,
      "sMAPE": 45.36396356761841
    },
    "4": {
      "MSE": 0.02883092905776704,
      "RMSE": 0.16979672864271278,
      "MAE": 0.1394664162100163,
      "Adjusted R2 score": 0.10900030255193538,
      "MAPE": 1.069156251414733,
      "sMAPE": 47.681607737001045
    }
  },
  "Single_Slab": {
    "0": {
      "MSE": 0.02547749542478011,
      "RMSE": 0.15961671411471953,
      "MAE": 0.12706045677730526,
      "Adjusted R2 score": 0.1571096195956263,
      "MAPE": 0.7260280990905966,
      "sMAPE": 52.217799458478375
    },
    "1": {
      "MSE": 0.02329160612849466,
      "RMSE": 0.15261587770770987,
      "MAE": 0.12032735517862084,
      "Adjusted R2 score": 0.30851517922608496,
      "MAPE": 0.6353534455758046,
      "sMAPE": 45.839786912865854
    },
    "2": {
      "MSE": 0.025602023308430262,
      "RMSE": 0.16000632271391735,
      "MAE": 0.12703214434252127,
      "Adjusted R2 score": 0.14557249616607248,
      "MAPE": 0.7529969136723975,
      "sMAPE": 52.02035153445137
    },
    "3": {
      "MSE": 0.046267233522369326,
      "RMSE": 0.2150981950699943,
      "MAE": 0.17275277577540005,
      "Adjusted R2 score": 0.06343439621876734,
      "MAPE": 0.9444970485118523,
      "sMAPE": 61.83075814989644
    },