{
  "Covariate_Shift": {
    "0": {
      "MSE": 0.032086105853753495,
      "RMSE": 0.17912594969393322,
      "MAE": 0.14467810405588788,
      "Adjusted R2 score": 0.1124306405099803,
      "MAPE": 0.7849480254943781,
      "sMAPE": 46.89236322322727
    },
    "1": {
      "MSE": 0.03759082631633637,
      "RMSE": 0.1938835380230523,
      "MAE": 0.15580743760431426,
      "Adjusted R2 score": 0.12423840403732911,
      "MAPE": 0.8056663614099114,
      "sMAPE": 46.96362257931679
    },
    "2": {
      "MSE": 0.03710071303336052,
      "RMSE": 0.19261545377606784,
      "MAE": 0.15334634900660157,
      "Adjusted R2 score": 0.19533801970113251,
      "MAPE": 0.7915723816611409,
      "sMAPE": 46.15663199070904
    },
    "3": {
      "MSE": 0.032092498345291154,
      "RMSE": 0.1791437923716341,
      "MAE": 0.14207753274689552,
      "Adjusted R2 score": 0.3147428552899243,
      "MAPE": 0.7333999570505179,
      "sMAPE": 43.57386069803719
    }
  },
  "KMeans_Hyperballs": {
    "0": {
      "MSE": 0.03702048738170269,
      "RMSE": 0.19240708765973952,
      "MAE": 0.15225288422979202,
      "Adjusted R2 score": -0.0393023568879296,
      "MAPE": 0.8979706506655077,
      "sMAPE": 46.5300191037021
    },
    "1": {
      "MSE": 0.03520641775620783,
      "RMSE": 0.18763373299118638,
      "MAE": 0.15095220581858929,
      "Adjusted R2 score": 0.01466378446221317,
      "MAPE": 0.7830550955609675,
      "sMAPE": 50.451896762727365
    },
    "2": {
      "MSE": 0.03520641775620783,
      "RMSE": 0.18763373299118638,
      "MAE": 0.15095220581858929,
      "Adjusted R2 score": 0.01466378446221317,
      "MAPE": 0.7830550955609675,
      "sMAPE": 50.451896762727365
    },
    "3": {
      "MSE": 0.03520641775620783,
      "RMSE": 0.18763373299118638,
      "MAE": 0.15095220581858929,
      "Adjusted R2 score": 0.01466378446221317,
      "MAPE": 0.7830550955609675,
      "sMAPE": 50.451896762727365
    },
    "4": {
      "MSE": 0.053438751847037336,
      "RMSE": 0.23116823278088477,
      "MAE": 0.18731194078472888,
      "Adjusted R2 score": 0.0374454099477769,
      "MAPE": 0.7952285151739109,
      "sMAPE": 46.28152581935868
    }
  },
  "Multiple_Hyperballs": {
    "0": {
      "MSE": 0.03394158463647739,
      "RMSE": 0.18423242015583843,
      "MAE": 0.14552308852680923,
      "Adjusted R2 score": 0.2836017734164771,
      "MAPE": 0.8114165420861672,
      "sMAPE": 47.37366393552528
    },
    "1": {
      "MSE": 0.04847184473314294,
      "RMSE": 0.22016322293503732,
      "MAE": 0.1768774379290028,
      "Adjusted R2 score": 0.10116344653821618,
      "MAPE": 0.8076933772636297,
      "sMAPE": 44.50272155110208
    },
    "2": {
      "MSE": 0.043602617853583124,
      "RMSE": 0.2088123987065498,
      "MAE": 0.16641651695599688,
      "Adjusted R2 score": 0.20311172680800238,
      "MAPE": 0.691886947844815,
      "sMAPE": 43.27385153691571
    },
    "3": {
      "MSE": 0.030292328010688496,
      "RMSE": 0.17404691324665456,
      "MAE": 0.14020400034853722,
      "Adjusted R2 score": 0.1184328367377876,
      "MAPE": 0.7387732926808948,
      "sMAPE": 46.34230692495674
    },
    "4": {
      "MSE": 0.029073030883296776,
      "RMSE": 0.17050815488796064,
      "MAE": 0.13587536306271236,
      "Adjusted R2 score": 0.41802959660879113,
      "MAPE": 0.676959969428041,
      "sMAPE": 42.580118956537135
    }
  },
  "Random_Split": {
    "0": {
      "MSE": 0.02932404413064219,
      "RMSE": 0.17124264693890417,
      "MAE": 0.13519199101331733,
      "Adjusted R2 score": 0.36634055069929605,
      "MAPE": 0.7044145720613803,
      "sMAPE": 42.25453114495208
    },
    "1": {
      "MSE": 0.029178931106044352,
      "RMSE": 0.17081841559399957,
      "MAE": 0.13444851705384916,
      "Adjusted R2 score": 0.37024366061979386,
      "MAPE": 0.7030435423405366,
      "sMAPE": 41.794535534262565
    },
    "2": {
      "MSE": 0.029285399116770014,
      "RMSE": 0.17112977273627758,
      "MAE": 0.13456221182598485,
      "Adjusted R2 score": 0.3739201412366948,
      "MAPE": 0.6911352696470938,
      "sMAPE": 41.87031125675536
    },
    "3": {
      "MSE": 0.028660085724595556,
      "RMSE": 0.16929289921492738,
      "MAE": 0.13362920243423232,
      "Adjusted R2 score": 0.38301672223600036,
      "MAPE": 0.6977650193608443,
      "sMAPE": 41.70496386682496
    },
    "4": {
      "MSE": 0.029281060520035034,
      "RMSE": 0.1711170959315142,
      "MAE": 0.13444192945630873,
      "Adjusted R2 score": 0.36302749676292445,
      "MAPE": 0.6968211241145669,
      "sMAPE": 41.856894623572074
    }
  },
  "Semi_Infinite_Slab": {
    "0": {
      "MSE": 0.039403255701833,
      "RMSE": 0.19850253323782294,
      "MAE": 0.15801654508064253,
      "Adjusted R2 score": -0.16193610011775728,
      "MAPE": 1.0183686154250309,
      "sMAPE": 49.03103563215828
    },
    "1": {
      "MSE": 0.03935309220056754,
      "RMSE": 0.19837613818342048,
      "MAE": 0.15785156826241628,
      "Adjusted R2 score": -0.16047073290202718,
      "MAPE": 1.0143336737718143,
      "sMAPE": 48.99505315762248
    },
    "2": {
      "MSE": 0.03915215178372342,
      "RMSE": 0.19786902684281696,
      "MAE": 0.16055780668669914,
      "Adjusted R2 score": -0.16191741453057018,
      "MAPE": 1.1514081689126896,
      "sMAPE": 51.4644405569874
    },
    "3": {
      "MSE": 0.03935309220056754,
      "RMSE": 0.19837613818342048,
      "MAE": 0.15785156826241628,
      "Adjusted R2 score": -0.16047073290202718,
      "MAPE": 1.0143336737718143,
      "sMAPE": 48.99505315762248
    },
    "4": {
      "MSE": 0.0408801254180966,
      "RMSE": 0.20218834144949258,
      "MAE": 0.16194767992530212,
      "Adjusted R2 score": 0.23879388508865862,
      "MAPE": 0.8252614702278999,
      "sMAPE": 44.26310720673129
    }
  },
  "Single_Hyperball": {
    "0": {
      "MSE": 0.02553203429741987,
      "RMSE": 0.1597874660210239,
      "MAE": 0.12941601076275913,
      "Adjusted R2 score": 0.14326269893913668,
      "MAPE": 0.8908673279733265,
      "sMAPE": 47.894211910556486
    },
    "1": {
      "MSE": 0.02645102207484409,
      "RMSE": 0.16263770188626034,
      "MAE": 0.13217753570421625,
      "Adjusted R2 score": 0.11858622304038291,
      "MAPE": 0.9317390819093276,
      "sMAPE": 49.1813935923881
    },
    "2": {
      "MSE": 0.0287844490136162,
      "RMSE": 0.16965980376511167,
      "MAE": 0.13796780126114472,
      "Adjusted R2 score": 0.046323595019967634,
      "MAPE": 0.9763983492785923,
      "sMAPE": 50.702443028456464
    },
    "3": {
      "MSE": 0.03607183764250676,
      "RMSE": 0.18992587407329933,
      "MAE": 0.14757150057689553,
      "Adjusted R2 score": 0.33643381976177034,
      "MAPE": 0.6285160256328095,
      "sMAPE": 45.21647254475465
    },
    "4": {
      "MSE": 0.02492920509594441,
      "RMSE": 0.15788985114928827,
      "MAE": 0.1280647987631483,
      "Adjusted R2 score": 0.22958035262747312,
      "MAPE": 0.8367888882165309,
      "sMAPE": 45.91495576524837
    }
  },
  "Single_Slab": {
    "0": {
      "MSE": 0.02914966526468157,
      "RMSE": 0.1707327305020381,
      "MAE": 0.13735144113958717,
      "Adjusted R2 score": 0.035620572824824004,
      "MAPE": 0.9529228974512698,
      "sMAPE": 49.93934601799758
    },
    "1": {
      "MSE": 0.026635967549099374,
      "RMSE": 0.16320529265038977,
      "MAE": 0.13205665773031441,
      "Adjusted R2 score": 0.20922725787055108,
      "MAPE": 0.8306948836636964,
      "sMAPE": 46.11579713390923
    },
    "2": {
      "MSE": 0.029011716757979585,
      "RMSE": 0.17032826177114468,
      "MAE": 0.13861719770115774,
      "Adjusted R2 score": 0.031779307719985384,
      "MAPE": 0.9989407298595788,
      "sMAPE": 51.56086035610545
    },
    "3": {
      "MSE": 0.03892401444822467,
      "RMSE": 0.1972916988832137,
      "MAE": 0.15510138347060426,
      "Adjusted R2 score": 0.21207968754678796,
      "MAPE": 0.7845417125525656,
      "sMAPE": 49.59905743436311
    },