{
  "Covariate_Shift": {
    "0": {
      "MSE": 0.030234270880404115,
      "RMSE": 0.1738800473901595,
      "MAE": 0.14153949808403568,
      "Adjusted R2 score": 0.16365630150693955,
      "MAPE": 0.8183497648175714,
      "sMAPE": 45.64555405356719
    },
    "1": {
      "MSE": 0.03490284802340658,
      "RMSE": 0.18682303932707706,
      "MAE": 0.15075554911068387,
      "Adjusted R2 score": 0.18686081462015214,
      "MAPE": 0.7620764968931348,
      "sMAPE": 46.048603747894674
    },
    "2": {
      "MSE": 0.036055115692086165,
      "RMSE": 0.18988184666282915,
      "MAE": 0.15128072146744379,
      "Adjusted R2 score": 0.2180155468545466,
      "MAPE": 0.8368154123879421,
      "sMAPE": 45.39968056237089
    },
    "3": {
      "MSE": 0.03004736088165357,
      "RMSE": 0.17334174592882573,
      "MAE": 0.1379121447309301,
      "Adjusted R2 score": 0.35841178513743577,
      "MAPE": 0.722772614802496,
      "sMAPE": 42.58959436712145
    }
  },
  "KMeans_Hyperballs": {
    "0": {
      "MSE": 0.03429374305178952,
      "RMSE": 0.18518569883171193,
      "MAE": 0.14771643861117184,
      "Adjusted R2 score": 0.03724746752389607,
      "MAPE": 0.8978231256446542,
      "sMAPE": 45.47365647343068
    },
    "1": {
      "MSE": 0.03634022726954388,
      "RMSE": 0.19063112880519772,
      "MAE": 0.15395789962352313,
      "Adjusted R2 score": -0.017068599751011604,
      "MAPE": 0.7351466591096508,
      "sMAPE": 51.72151352300415
    },
    "2": {
      "MSE": 0.03634022726954388,
      "RMSE": 0.19063112880519772,
      "MAE": 0.15395789962352313,
      "Adjusted R2 score": -0.017068599751011604,
      "MAPE": 0.7351466591096508,
      "sMAPE": 51.72151352300415
    },
    "3": {
      "MSE": 0.03634022726954388,
      "RMSE": 0.19063112880519772,
      "MAE": 0.15395789962352316,
      "Adjusted R2 score": -0.017068599751011604,
      "MAPE": 0.7351466591096508,
      "sMAPE": 51.72151352300415
    },
    "4": {
      "MSE": 0.04948860650711617,
      "RMSE": 0.22246034816819868,
      "MAE": 0.18049769578409175,
      "Adjusted R2 score": 0.10859659512511766,
      "MAPE": 0.7730785619076038,
      "sMAPE": 44.93223273807519
    }
  },
  "Multiple_Hyperballs": {
    "0": {
      "MSE": 0.03219266593298679,
      "RMSE": 0.1794231477067181,
      "MAE": 0.14318950922073126,
      "Adjusted R2 score": 0.32051585008786765,
      "MAPE": 0.7967752178758639,
      "sMAPE": 46.42704876688018
    },
    "1": {
      "MSE": 0.04312428003189861,
      "RMSE": 0.20766386308623513,
      "MAE": 0.1672780141003098,
      "Adjusted R2 score": 0.2003258912923317,
      "MAPE": 0.7520747148032563,
      "sMAPE": 42.950899642156536
    },
    "2": {
      "MSE": 0.04023667473573248,
      "RMSE": 0.20059081418582578,
      "MAE": 0.16042348060229644,
      "Adjusted R2 score": 0.26462823042376105,
      "MAPE": 0.6789613787824366,
      "sMAPE": 41.83281229531101
    },
    "3": {
      "MSE": 0.028798421722633142,
      "RMSE": 0.1697009773767763,
      "MAE": 0.13697455165503478,
      "Adjusted R2 score": 0.16190848932136748,
      "MAPE": 0.6715955003514366,
      "sMAPE": 45.76908788827674
    },
    "4": {
      "MSE": 0.02697453855281186,
      "RMSE": 0.16423927226096643,
      "MAE": 0.13118149494143555,
      "Adjusted R2 score": 0.4600362395689961,
      "MAPE": 0.6844057131115382,
      "sMAPE": 40.93003137308088
    }
  },
  "Random_Split": {
    "0": {
      "MSE": 0.027956707183148258,
      "RMSE": 0.16720259323093126,
      "MAE": 0.13174004868218112,
      "Adjusted R2 score": 0.39588715666188,
      "MAPE": 0.6969301267003165,
      "sMAPE": 41.341382916828
    },
    "1": {
      "MSE": 0.027832899971553984,
      "RMSE": 0.1668319512909742,
      "MAE": 0.13136328556773588,
      "Adjusted R2 score": 0.3992944725521351,
      "MAPE": 0.6926508668525455,
      "sMAPE": 41.03830488546122
    },
    "2": {
      "MSE": 0.0277543436462834,
      "RMSE": 0.16659634943864587,
      "MAE": 0.1309396115532772,
      "Adjusted R2 score": 0.4066519127552921,
      "MAPE": 0.6871215800932089,
      "sMAPE": 40.949541560647845
    },
    "3": {
      "MSE": 0.02758287575848583,
      "RMSE": 0.16608093135121152,
      "MAE": 0.13135760797255236,
      "Adjusted R2 score": 0.406206483150081,
      "MAPE": 0.6846393068059852,
      "sMAPE": 41.12329354169755
    },
    "4": {
      "MSE": 0.02760241574788483,
      "RMSE": 0.16613974764602488,
      "MAE": 0.13100498615720627,
      "Adjusted R2 score": 0.3995442944325558,
      "MAPE": 0.6895294117640015,
      "sMAPE": 41.01122714892774
    }
  },
  "Semi_Infinite_Slab": {
    "0": {
      "MSE": 0.030797185648796774,
      "RMSE": 0.1754912694375329,
      "MAE": 0.14133845962015854,
      "Adjusted R2 score": 0.09184251021925494,
      "MAPE": 0.9328544095935604,
      "sMAPE": 46.31479799198777
    },
    "1": {
      "MSE": 0.030719890515988526,
      "RMSE": 0.17527090607396462,
      "MAE": 0.1410876593985772,
      "Adjusted R2 score": 0.09411098675379015,
      "MAPE": 0.9303562967487494,
      "sMAPE": 46.25547322685289
    },
    "2": {
      "MSE": 0.029168665467016814,
      "RMSE": 0.17078836455396137,
      "MAE": 0.1371450468422161,
      "Adjusted R2 score": 0.13436225543974,
      "MAPE": 0.9307183982752727,
      "sMAPE": 46.81008228347265
    },
    "3": {
      "MSE": 0.030719890515988526,
      "RMSE": 0.17527090607396462,
      "MAE": 0.14108765939857723,
      "Adjusted R2 score": 0.09411098675379015,
      "MAPE": 0.9303562967487495,
      "sMAPE": 46.25547322685289
    },
    "4": {
      "MSE": 0.04151621486714071,
      "RMSE": 0.2037552818140936,
      "MAE": 0.16257482439243492,
      "Adjusted R2 score": 0.22694961667482894,
      "MAPE": 0.7603101215298251,
      "sMAPE": 44.77216902624909
    }
  },
  "Single_Hyperball": {
    "0": {
      "MSE": 0.023857813922124278,
      "RMSE": 0.15445974854998398,
      "MAE": 0.12531592258539004,
      "Adjusted R2 score": 0.1994418121661935,
      "MAPE": 0.8915843366949633,
      "sMAPE": 46.784780775671265
    },
    "1": {
      "MSE": 0.024299199230665567,
      "RMSE": 0.15588200419120088,
      "MAE": 0.12686254246836393,
      "Adjusted R2 score": 0.19029030672640268,
      "MAPE": 0.913583761082306,
      "sMAPE": 47.78444474857682
    },
    "2": {
      "MSE": 0.025845557319400674,
      "RMSE": 0.16076553523501447,
      "MAE": 0.13112126395591597,
      "Adjusted R2 score": 0.14369393774354466,
      "MAPE": 0.9553984234339351,
      "sMAPE": 48.831893356809005
    },
    "3": {
      "MSE": 0.033311099252995774,
      "RMSE": 0.18251328514109807,
      "MAE": 0.14231681190587286,
      "Adjusted R2 score": 0.3872194948892863,
      "MAPE": 0.6419577059912185,
      "sMAPE": 43.1189670228887
    },
    "4": {
      "MSE": 0.023473920351735292,
      "RMSE": 0.15321201112097999,
      "MAE": 0.1248358872982738,
      "Adjusted R2 score": 0.2745549097842356,
      "MAPE": 0.8433298815563961,
      "sMAPE": 44.95756383878635
    }
  },
  "Single_Slab": {
    "0": {
      "MSE": 0.026263992635074947,
      "RMSE": 0.16206169391646796,
      "MAE": 0.1318678787502571,
      "Adjusted R2 score": 0.13108936439708696,
      "MAPE": 0.9511082630078648,
      "sMAPE": 48.547404122684654
    },
    "1": {
      "MSE": 0.024722077403214904,
      "RMSE": 0.15723255834341343,
      "MAE": 0.12695849721776534,
      "Adjusted R2 score": 0.2660471258181213,
      "MAPE": 0.819886297967901,
      "sMAPE": 44.76215380881164
    },
    "2": {
      "MSE": 0.025657996873062618,
      "RMSE": 0.16018113769436967,
      "MAE": 0.13059335953752357,
      "Adjusted R2 score": 0.14370446595090736,
      "MAPE": 0.9610515053342027,
      "sMAPE": 49.66483481577245
    },
    "3": {
      "MSE": 0.03803186025252985,
      "RMSE": 0.19501758959778437,
      "MAE": 0.15408576331070142,
      "Adjusted R2 score": 0.23013914062718244,
      "MAPE": 0.8004719943096512,
      "sMAPE": 48.85490317327117
    },